RIVER_NAME,Station_ID,Name,Date,Temperature(c),PH(m),DO(Mg/L),Salinity(ppt),TDS(Mg/L),EC(MicroS)/cm,FE(Mg/L),CI(Mg/L),,,,,
Turag,SW302,Mirpur,Sep-12-2004 12:00:00 AM,29.68,7.61,6.05,0.05,0.08,121.60,0.56,45.22,,,,,
Turag,SW302,Mirpur,Sep-10-2017 12:00:00 AM,29.30,7.00,0.63,0.00,57.30,114.60,0.17,12.20,,,,,
Turag,SW302,Mirpur,Sep-10-2002 12:00:00 AM,28.35,8.37,6.39,0.05,0.09,147.90,0.56,45.22,,,,,
Turag,SW302,Mirpur,Sep-09-2003 12:00:00 AM,29.59,7.07,6.19,0.05,0.07,114.50,0.56,45.22,,,,,
Turag,SW302,Mirpur,Sep-05-2011 12:00:00 AM,27.31,7.80,8.00,0.00,52.00,105.00,0.06,18.00,,,,,
Turag,SW302,Mirpur,Sep-01-2016 12:00:00 AM,25.70,6.71,0.25,0.00,70.80,141.50,0.63,14.50,,,,,
Turag,SW302,Mirpur,Sep-01-2015 12:00:00 AM,27.31,7.83,0.92,0.00,62.60,125.30,0.51,17.00,,,,,
Turag,SW302,Mirpur,Sep-01-2014 12:00:00 AM,27.31,6.54,4.30,0.00,69.70,139.50,0.06,7.25,,,,,
Turag,SW302,Mirpur,Sep-01-2014 12:00:00 AM,27.31,6.54,4.30,0.00,69.70,139.50,0.06,7.25,,,,,
Turag,SW302,Mirpur,Sep-01-2013 12:00:00 AM,27.31,7.33,8.10,0.00,81.10,162.20,0.03,13.50,,,,,
Turag,SW302,Mirpur,Sep-01-2012 12:00:00 AM,27.31,6.57,5.96,0.00,84.80,170.10,0.05,45.25,,,,,
Turag,SW302,Mirpur,Sep-01-2006 12:00:00 AM,25.00,8.00,7.10,0.00,0.58,120.00,1.00,14.00,,,,,
Turag,SW302,Mirpur,Oct-11-2004 12:00:00 AM,29.75,7.21,6.89,0.05,0.07,119.50,0.56,45.22,,,,,
Turag,SW302,Mirpur,Oct-10-2003 12:00:00 AM,29.57,7.27,7.25,0.05,0.07,111.50,0.56,45.22,,,,,
Turag,SW302,Mirpur,Oct-08-2002 12:00:00 AM,23.91,8.74,7.72,0.08,0.13,202.20,0.56,45.22,,,,,
Turag,SW302,Mirpur,Oct-05-2009 12:00:00 AM,27.31,7.40,6.48,0.10,192.50,385.00,0.15,50.00,,,,,
Turag,SW302,Mirpur,Oct-02-2017 12:00:00 AM,27.90,6.95,0.38,0.00,67.20,134.40,0.15,14.00,,,,,
Turag,SW302,Mirpur,Oct-02-2016 12:00:00 AM,20.60,0.00,63.10,0.00,63.10,126.30,0.75,12.60,,,,,
Turag,SW302,Mirpur,Oct-02-2011 12:00:00 AM,27.31,7.60,6.80,0.00,71.00,140.00,0.05,25.00,,,,,
Turag,SW302,Mirpur,Oct-01-2015 12:00:00 AM,27.31,7.66,0.73,0.00,54.70,109.60,0.18,15.30,,,,,
Turag,SW302,Mirpur,Oct-01-2014 12:00:00 AM,27.31,6.96,1.51,0.00,67.70,134.40,0.06,10.10,,,,,
Turag,SW302,Mirpur,Oct-01-2014 12:00:00 AM,27.31,6.96,1.51,0.00,67.70,134.40,0.06,10.10,,,,,
Turag,SW302,Mirpur,Oct-01-2012 12:00:00 AM,27.31,6.61,8.33,0.00,85.80,171.70,0.03,12.25,,,,,
Turag,SW302,Mirpur,Oct-01-2006 12:00:00 AM,26.00,8.10,7.10,0.00,0.62,130.00,0.00,11.00,,,,,
Turag,SW302,Mirpur,Nov-10-2007 12:00:00 AM,23.00,8.60,0.06,0.10,240.00,210.00,1.21,50.00,,,,,
Turag,SW302,Mirpur,Nov-10-2004 12:00:00 AM,27.05,7.81,5.13,0.05,0.07,112.30,0.56,45.22,,,,,
Turag,SW302,Mirpur,Nov-09-2003 12:00:00 AM,26.81,7.99,6.14,0.05,0.07,109.10,0.56,45.22,,,,,
Turag,SW302,Mirpur,Nov-07-2002 12:00:00 AM,20.89,8.78,6.95,0.09,0.15,232.00,0.56,45.22,,,,,
Turag,SW302,Mirpur,Nov-05-2009 12:00:00 AM,27.31,7.80,6.40,0.30,155.00,710.00,0.58,75.00,,,,,
Turag,SW302,Mirpur,Nov-04-2014 12:00:00 AM,27.31,6.75,2.75,0.10,141.10,282.00,0.00,35.00,,,,,
Turag,SW302,Mirpur,Nov-04-2012 12:00:00 AM,27.31,6.99,8.28,0.00,126.30,253.00,0.02,29.25,,,,,
Turag,SW302,Mirpur,Nov-04-2012 12:00:00 AM,27.31,6.99,8.28,0.00,126.30,253.00,0.02,29.25,,,,,
Turag,SW302,Mirpur,Nov-03-2013 12:00:00 AM,27.31,7.81,5.10,0.10,136.90,274.00,0.02,5.80,,,,,
Turag,SW302,Mirpur,Nov-01-2017 12:00:00 AM,25.00,7.02,0.48,0.00,62.10,124.20,0.10,12.50,,,,,
Turag,SW302,Mirpur,Nov-01-2016 12:00:00 AM,22.00,6.94,0.57,0.00,97.80,195.70,0.79,20.00,,,,,
Turag,SW302,Mirpur,Nov-01-2015 12:00:00 AM,27.31,6.99,1.11,0.10,142.20,284.00,0.12,35.40,,,,,
Turag,SW302,Mirpur,Nov-01-2011 12:00:00 AM,27.31,7.70,6.60,0.10,171.00,342.00,0.05,24.00,,,,,
Turag,SW302,Mirpur,Nov-01-2006 12:00:00 AM,25.00,8.00,7.10,0.00,2.17,430.00,0.00,19.00,,,,,
Turag,SW302,Mirpur,May-23-2008 12:00:00 AM,32.00,7.60,0.07,0.50,460.00,850.00,1.25,90.00,,,,,
Turag,SW302,Mirpur,May-11-2003 12:00:00 AM,30.28,8.44,5.47,0.05,0.07,106.80,0.56,45.22,,,,,
Turag,SW302,Mirpur,May-10-2004 12:00:00 AM,30.75,7.41,4.32,0.09,0.14,228.00,0.56,45.22,,,,,
Turag,SW302,Mirpur,May-04-2015 12:00:00 AM,27.31,7.37,4.67,0.10,208.00,417.00,0.30,45.22,,,,,
Turag,SW302,Mirpur,May-04-2014 12:00:00 AM,27.31,7.53,0.56,0.70,707.00,1415.00,0.04,287.50,,,,,
Turag,SW302,Mirpur,May-02-2017 12:00:00 AM,30.40,6.70,1.07,0.20,307.00,613.00,0.08,60.50,,,,,
Turag,SW302,Mirpur,May-02-2016 12:00:00 AM,28.70,7.22,0.49,0.00,81.80,163.50,0.19,15.75,,,,,
Turag,SW302,Mirpur,May-02-2013 12:00:00 AM,27.31,6.89,1.10,0.60,616.00,1231.00,0.03,97.50,,,,,
Turag,SW302,Mirpur,May-02-2010 12:00:00 AM,27.31,7.04,7.49,0.30,302.00,605.00,0.05,71.00,,,,,
Turag,SW302,Mirpur,May-02-2009 12:00:00 AM,29.00,7.00,8.20,0.15,52.00,618.00,0.20,45.00,,,,,
Turag,SW302,Mirpur,May-01-2012 12:00:00 AM,27.31,7.01,14.80,0.30,401.00,801.00,0.03,155.00,,,,,
Turag,SW302,Mirpur,May-01-2007 12:00:00 AM,27.00,7.40,6.92,0.14,4.83,964.00,1.00,103.00,,,,,
Turag,SW302,Mirpur,May-01-2005 12:00:00 AM,30.50,6.22,4.30,0.38,0.43,165.20,0.56,45.22,,,,,
Turag,SW302,Mirpur,Mar-12-2004 12:00:00 AM,29.93,6.93,4.12,0.11,0.17,273.60,0.56,45.22,,,,,
Turag,SW302,Mirpur,Mar-10-2008 12:00:00 AM,26.00,8.90,0.07,0.40,405.00,810.00,1.24,90.00,,,,,
Turag,SW302,Mirpur,Mar-09-2003 12:00:00 AM,29.85,8.82,5.67,0.09,0.13,213.30,0.56,45.22,,,,,
Turag,SW302,Mirpur,Mar-05-2013 12:00:00 AM,27.31,6.44,1.81,0.50,512.00,1025.00,0.01,8.70,,,,,
Turag,SW302,Mirpur,Mar-02-2014 12:00:00 AM,27.31,7.10,0.34,0.50,562.00,1124.00,0.03,146.00,,,,,
Turag,SW302,Mirpur,Mar-02-2009 12:00:00 AM,30.00,7.10,8.24,0.40,52.00,615.00,0.20,15.00,,,,,
Turag,SW302,Mirpur,Mar-01-2017 12:00:00 AM,31.10,6.72,7.96,0.40,472.00,944.00,0.02,95.00,,,,,
Turag,SW302,Mirpur,Mar-01-2016 12:00:00 AM,27.31,6.24,1.99,0.40,468.00,936.00,0.37,1.99,,,,,
Turag,SW302,Mirpur,Mar-01-2015 12:00:00 AM,27.31,7.62,9.41,0.60,604.00,1208.00,0.00,141.00,,,,,
Turag,SW302,Mirpur,Mar-01-2011 12:00:00 AM,27.31,7.40,2.30,0.50,558.00,1116.00,0.05,23.00,,,,,
Turag,SW302,Mirpur,Mar-01-2010 12:00:00 AM,27.31,7.00,1.48,0.40,485.00,971.00,0.09,88.00,,,,,
Turag,SW302,Mirpur,Mar-01-2007 12:00:00 AM,26.00,7.50,7.00,0.10,2.54,709.00,0.00,99.00,,,,,
Turag,SW302,Mirpur,Jun-23-2008 12:00:00 AM,29.00,736.00,0.08,0.50,455.00,960.00,1.26,97.00,,,,,
Turag,SW302,Mirpur,Jun-10-2003 12:00:00 AM,31.05,7.93,2.80,0.05,0.06,93.80,0.56,45.22,,,,,
Turag,SW302,Mirpur,Jun-09-2004 12:00:00 AM,31.04,7.59,5.89,0.05,0.08,126.30,0.56,45.22,,,,,
Turag,SW302,Mirpur,Jun-04-2017 12:00:00 AM,28.80,6.90,0.64,0.10,212.00,424.00,0.27,43.00,,,,,
Turag,SW302,Mirpur,Jun-03-2012 12:00:00 AM,27.31,6.80,23.10,0.40,489.00,979.00,0.00,0.00,,,,,
Turag,SW302,Mirpur,Jun-02-2013 12:00:00 AM,27.31,7.08,3.49,0.10,180.50,361.00,0.56,45.22,,,,,
Turag,SW302,Mirpur,Jun-02-2013 12:00:00 AM,27.31,7.08,3.49,0.10,180.50,361.00,0.02,34.25,,,,,
Turag,SW302,Mirpur,Jun-02-2009 12:00:00 AM,30.00,7.00,8.00,0.10,51.00,618.20,0.20,51.00,,,,,
Turag,SW302,Mirpur,Jun-01-2016 12:00:00 AM,29.20,6.75,0.43,0.00,75.30,150.70,0.47,15.00,,,,,
Turag,SW302,Mirpur,Jun-01-2015 12:00:00 AM,27.31,7.21,0.89,0.00,104.00,208.00,0.03,30.75,,,,,
Turag,SW302,Mirpur,Jun-01-2014 12:00:00 AM,27.31,7.01,1.21,0.60,620.00,1240.00,0.02,176.00,,,,,
Turag,SW302,Mirpur,Jun-01-2010 12:00:00 AM,27.31,7.25,2.57,0.10,132.00,263.00,0.78,24.00,,,,,
Turag,SW302,Mirpur,Jun-01-2007 12:00:00 AM,26.00,7.40,6.92,0.10,4.83,965.00,1.00,103.00,,,,,
Turag,SW302,Mirpur,Jun-01-2006 12:00:00 AM,28.90,4.64,4.30,0.00,0.52,142.80,1.00,3.00,,,,,
Turag,SW302,Mirpur,Jun-01-2005 12:00:00 AM,28.90,4.65,31.20,0.00,0.52,142.00,1.00,3.00,,,,,
Turag,SW302,Mirpur,Jul-12-2003 12:00:00 AM,30.01,7.87,5.14,0.05,0.06,103.40,0.56,45.22,,,,,
Turag,SW302,Mirpur,Jul-11-2016 12:00:00 AM,27.80,6.47,0.30,0.00,56.90,113.90,0.25,12.00,,,,,
Turag,SW302,Mirpur,Jul-08-2017 12:00:00 AM,28.90,6.44,0.94,0.00,59.70,119.30,0.52,11.50,,,,,
Turag,SW302,Mirpur,Jul-08-2004 12:00:00 AM,30.01,7.88,6.91,0.05,0.06,99.00,0.56,45.22,,,,,
Turag,SW302,Mirpur,Jul-04-2011 12:00:00 AM,27.31,7.40,8.60,0.00,86.00,174.00,0.90,32.00,,,,,
Turag,SW302,Mirpur,Jul-02-2015 12:00:00 AM,27.31,7.13,0.68,0.00,60.30,120.60,0.00,12.40,,,,,
Turag,SW302,Mirpur,Jul-02-2014 12:00:00 AM,27.31,7.04,4.87,0.00,67.70,135.40,0.16,11.00,,,,,
Turag,SW302,Mirpur,Jul-02-2014 12:00:00 AM,27.31,7.04,4.87,0.00,67.70,135.40,0.16,11.00,,,,,
Turag,SW302,Mirpur,Jul-01-2013 12:00:00 AM,27.31,6.85,7.60,0.10,180.40,361.00,0.02,29.50,,,,,
Turag,SW302,Mirpur,Jul-01-2012 12:00:00 AM,27.31,7.51,111.80,0.00,92.00,184.00,0.02,44.00,,,,,
Turag,SW302,Mirpur,Jul-01-2006 12:00:00 AM,28.90,4.64,4.30,0.00,0.52,142.80,1.00,35.00,,,,,
Turag,SW302,Mirpur,Jan-09-2004 12:00:00 AM,21.24,8.73,7.15,0.12,0.20,323.70,0.56,45.22,,,,,
Turag,SW302,Mirpur,Jan-08-2017 12:00:00 AM,29.10,7.00,0.64,0.00,63.10,126.10,0.54,12.50,,,,,
Turag,SW302,Mirpur,Jan-08-2003 12:00:00 AM,25.68,8.25,7.61,0.12,0.17,276.00,0.56,45.22,,,,,
Turag,SW302,Mirpur,Jan-07-2010 12:00:00 AM,27.31,7.40,1.66,0.40,467.00,933.00,0.05,40.50,,,,,
Turag,SW302,Mirpur,Jan-05-2005 12:00:00 AM,20.39,6.98,1.64,0.27,0.34,189.40,0.56,45.22,,,,,
Turag,SW302,Mirpur,Jan-04-2014 12:00:00 AM,27.31,6.75,2.75,0.10,141.10,282.00,0.00,35.00,,,,,
Turag,SW302,Mirpur,Jan-03-2016 12:00:00 AM,20.10,6.36,1.28,0.30,337.00,675.00,0.35,75.00,,,,,
Turag,SW302,Mirpur,Jan-02-2009 12:00:00 AM,29.00,7.10,7.20,0.30,55.00,620.00,0.20,15.00,,,,,
Turag,SW302,Mirpur,Jan-01-2017 12:00:00 AM,24.80,7.10,1.06,0.30,324.00,648.00,0.26,65.00,,,,,
Turag,SW302,Mirpur,Jan-01-2015 12:00:00 AM,27.31,7.36,8.30,0.30,260.00,699.00,0.31,85.00,,,,,
Turag,SW302,Mirpur,Jan-01-2014 12:00:00 AM,27.31,7.80,6.10,0.30,347.00,694.00,0.01,92.00,,,,,
Turag,SW302,Mirpur,Jan-01-2014 12:00:00 AM,22.70,7.09,1.45,0.00,40.10,79.70,0.22,7.00,,,,,
Turag,SW302,Mirpur,Jan-01-2013 12:00:00 AM,27.31,6.44,8.48,0.30,340.00,680.00,0.03,7.50,,,,,
Turag,SW302,Mirpur,Jan-01-2012 12:00:00 AM,27.31,7.50,5.90,0.30,353.00,705.00,0.05,20.00,,,,,
Turag,SW302,Mirpur,Jan-01-2007 12:00:00 AM,26.00,7.60,7.10,0.30,2.54,709.00,0.00,96.00,,,,,
Turag,SW302,Mirpur,Feb-10-2008 12:00:00 AM,22.00,8.30,0.06,0.10,106.00,211.00,1.22,30.00,,,,,
Turag,SW302,Mirpur,Feb-10-2004 12:00:00 AM,26.04,8.26,5.03,0.11,0.18,289.00,0.56,45.22,,,,,
Turag,SW302,Mirpur,Feb-10-2003 12:00:00 AM,33.15,8.64,4.13,0.11,0.16,256.40,0.56,45.22,,,,,
Turag,SW302,Mirpur,Feb-04-2010 12:00:00 AM,27.31,7.10,2.01,0.40,427.00,853.00,0.27,43.00,,,,,
Turag,SW302,Mirpur,Feb-03-2014 12:00:00 AM,27.31,7.13,10.00,0.40,420.00,840.00,0.03,98.00,,,,,
Turag,SW302,Mirpur,Feb-03-2013 12:00:00 AM,27.31,7.02,7.45,0.40,446.00,892.00,0.02,5.80,,,,,
Turag,SW302,Mirpur,Feb-02-2009 12:00:00 AM,29.00,7.10,7.10,1.70,51.00,618.20,0.19,14.00,,,,,
Turag,SW302,Mirpur,Feb-01-2017 12:00:00 AM,26.10,6.79,4.58,0.40,407.00,814.00,0.30,81.00,,,,,
Turag,SW302,Mirpur,Feb-01-2016 12:00:00 AM,27.80,6.43,2.76,0.40,423.00,845.00,0.30,88.90,,,,,
Turag,SW302,Mirpur,Feb-01-2015 12:00:00 AM,27.31,7.11,8.10,0.40,429.00,859.00,0.02,63.00,,,,,
Turag,SW302,Mirpur,Feb-01-2012 12:00:00 AM,27.31,7.70,6.70,0.50,491.00,982.00,0.05,77.00,,,,,
Turag,SW302,Mirpur,Feb-01-2011 12:00:00 AM,27.31,7.40,0.05,0.17,557.00,1114.00,0.50,25.00,,,,,
Turag,SW302,Mirpur,Feb-01-2007 12:00:00 AM,26.00,7.50,7.00,0.20,2.54,709.00,0.00,99.00,,,,,
Turag,SW302,Mirpur,Feb-01-2005 12:00:00 AM,20.88,5.63,1.65,0.28,0.35,172.30,0.56,45.22,,,,,
Turag,SW302,Mirpur,Dec-10-2004 12:00:00 AM,20.47,8.31,4.19,0.10,0.13,213.40,0.56,45.22,,,,,
Turag,SW302,Mirpur,Dec-10-2003 12:00:00 AM,20.17,8.70,7.21,0.09,0.14,231.00,0.56,45.22,,,,,
Turag,SW302,Mirpur,Dec-09-2002 12:00:00 AM,16.43,8.93,7.78,0.05,0.10,155.80,0.56,45.22,,,,,
Turag,SW302,Mirpur,Dec-05-2009 12:00:00 AM,27.31,7.50,6.30,0.30,358.00,716.00,0.86,55.00,,,,,
Turag,SW302,Mirpur,Dec-03-2017 12:00:00 AM,21.50,7.02,1.04,0.20,217.00,434.00,0.08,43.00,,,,,
Turag,SW302,Mirpur,Dec-03-2013 12:00:00 AM,27.31,8.06,6.10,0.20,285.00,571.00,0.01,5.90,,,,,
Turag,SW302,Mirpur,Dec-03-2012 12:00:00 AM,27.31,6.52,7.84,0.20,255.00,510.00,0.03,47.50,,,,,
Turag,SW302,Mirpur,Dec-01-2016 12:00:00 AM,22.30,7.08,2.53,0.20,255.00,511.00,0.76,45.00,,,,,
Turag,SW302,Mirpur,Dec-01-2015 12:00:00 AM,22.70,7.09,1.45,0.00,40.10,79.70,0.22,7.00,,,,,
Turag,SW302,Mirpur,Dec-01-2015 12:00:00 AM,22.70,7.09,1.45,0.00,40.10,79.70,0.22,7.00,,,,,
Turag,SW302,Mirpur,Dec-01-2014 12:00:00 AM,27.31,7.13,2.46,0.20,256.00,510.00,0.03,65.00,,,,,
Turag,SW302,Mirpur,Dec-01-2014 12:00:00 AM,27.31,7.13,2.46,0.20,256.00,510.00,0.03,65.00,,,,,
Turag,SW302,Mirpur,Dec-01-2006 12:00:00 AM,26.00,7.90,7.10,0.00,2.55,504.00,0.00,50.00,,,,,
Turag,SW302,Mirpur,Aug-11-2002 12:00:00 AM,30.13,8.12,7.25,0.05,0.08,126.59,0.56,45.22,,,,,
Turag,SW302,Mirpur,Aug-10-2007 12:00:00 AM,21.00,8.50,0.07,0.20,210.00,190.00,1.20,40.00,,,,,
Turag,SW302,Mirpur,Aug-10-2004 12:00:00 AM,30.06,8.00,7.05,0.05,0.08,126.34,0.56,45.22,,,,,
Turag,SW302,Mirpur,Aug-10-2003 12:00:00 AM,30.05,8.01,7.13,0.05,0.08,125.89,0.56,45.22,,,,,
Turag,SW302,Mirpur,Aug-04-2014 12:00:00 AM,27.31,6.68,2.22,0.00,66.10,132.20,0.04,5.75,,,,,
Turag,SW302,Mirpur,Aug-02-2015 12:00:00 AM,27.31,7.22,0.63,0.00,60.60,121.10,0.58,21.50,,,,,
Turag,SW302,Mirpur,Aug-01-2017 12:00:00 AM,29.10,7.00,0.64,0.00,63.10,126.10,0.54,12.50,,,,,
Turag,SW302,Mirpur,Aug-01-2016 12:00:00 AM,28.00,6.30,0.30,0.00,56.60,113.10,0.53,11.50,,,,,
Turag,SW302,Mirpur,Aug-01-2013 12:00:00 AM,27.31,7.28,6.66,0.00,121.40,243.00,0.02,19.50,,,,,
Turag,SW302,Mirpur,Aug-01-2012 12:00:00 AM,27.31,7.45,107.10,0.00,65.00,130.20,0.13,33.75,,,,,
Turag,SW302,Mirpur,Aug-01-2011 12:00:00 AM,27.31,7.80,8.20,0.00,86.00,173.00,0.14,27.00,,,,,
Turag,SW302,Mirpur,Aug-01-2006 12:00:00 AM,25.10,8.00,7.10,0.00,0.57,119.00,1.00,15.00,,,,,
Turag,SW302,Mirpur,Apr-27-2001 12:00:00 AM,30.30,7.21,7.60,0.17,544.00,1090.00,0.56,45.22,,,,,
Turag,SW302,Mirpur,Apr-23-2008 12:00:00 AM,31.00,7.60,0.07,0.40,462.00,838.00,1.25,90.00,,,,,
Turag,SW302,Mirpur,Apr-11-2004 12:00:00 AM,29.89,7.08,2.59,0.10,0.17,270.00,0.56,45.22,,,,,
Turag,SW302,Mirpur,Apr-10-2003 12:00:00 AM,30.27,8.78,5.04,0.06,0.11,171.90,0.56,45.22,,,,,
Turag,SW302,Mirpur,Apr-09-2005 12:00:00 AM,29.10,5.13,4.13,0.31,0.41,168.10,0.56,45.22,,,,,
Turag,SW302,Mirpur,Apr-03-2016 12:00:00 AM,28.10,6.31,1.80,0.50,571.00,1141.00,0.62,132.00,,,,,
Turag,SW302,Mirpur,Apr-03-2011 12:00:00 AM,27.31,7.10,4.80,0.50,495.00,992.00,0.12,20.00,,,,,
Turag,SW302,Mirpur,Apr-03-2011 12:00:00 AM,27.31,7.10,4.80,0.50,495.00,992.00,0.12,20.00,,,,,
Turag,SW302,Mirpur,Apr-02-2017 12:00:00 AM,30.40,6.60,1.67,0.40,492.00,984.00,0.09,97.50,,,,,
Turag,SW302,Mirpur,Apr-02-2009 12:00:00 AM,30.00,7.20,8.00,0.20,53.00,615.00,0.15,14.00,,,,,
Turag,SW302,Mirpur,Apr-01-2015 12:00:00 AM,27.31,7.57,1.98,0.50,497.00,995.00,0.40,124.00,,,,,
Turag,SW302,Mirpur,Apr-01-2014 12:00:00 AM,27.31,7.23,0.02,0.60,619.00,1237.00,0.01,267.50,,,,,
Turag,SW302,Mirpur,Apr-01-2013 12:00:00 AM,27.31,7.51,13.56,0.50,497.00,994.00,0.03,84.25,,,,,
Turag,SW302,Mirpur,Apr-01-2012 12:00:00 AM,27.31,8.98,0.28,0.05,516.00,1050.00,0.01,198.00,,,,,
Turag,SW302,Mirpur,Apr-01-2010 12:00:00 AM,27.31,6.89,5.74,0.50,530.00,1060.00,0.14,125.00,,,,,
Turag,SW302,Mirpur,Apr-01-2007 12:00:00 AM,26.00,7.40,7.00,0.10,4.00,801.00,0.00,100.00,,,,,
Buriganga,SW42,Dhaka Sadar(Kotwal,10/6/2021,24.5,6.93,2.4,0.08,156,244,0.07,49.43,,,,,
Turag,SW302,Mirpur,10/4/2021,24.5,7.04,2.49,0.07,137,212,0.05,45.22,,,,,
Balu,SW7.5,Demra,10/1/2021,24.5,7.01,2.29,0.08,163,252,0.45,49.43,,,,,
Tongi Khal,SW299,Tongi,10/1/2021,24.6,7.1,2.21,0.07,150,230,0.05,50.40,,,,,
Buriganga,SW42,Dhaka Sadar(Kotwal,9/6/2021,25.1,6.79,2.12,0.07,112,222,0.07,49.43,,,,,
Turag,SW302,Mirpur,9/1/2021,25.2,6.76,3.18,0.06,119,182,0.14,45.22,,,,,
Balu,SW7.5,Demra,9/1/2021,25.1,6.46,2.17,0.09,170,278,1.82,49.43,,,,,
Tongi Khal,SW299,Tongi,9/1/2021,25.2,6.8,1.44,0.06,124,192,0.27,50.40,,,,,
Buriganga,SW42,Dhaka Sadar(Kotwal,8/11/2021,29.83,6.21,4.18,0.07,142,218,0.02,49.43,,,,,
Turag,SW302,Mirpur,8/8/2021,31.38,5.97,2.5,0.06,130,201,0.14,45.22,,,,,
Balu,SW7.5,Demra,8/3/2021,31.23,7.05,2.53,0.09,183,290,0.05,49.43,,,,,
Tongi Khal,SW299,Tongi,8/1/2021,32.7,7.09,1.66,0.06,130,201,1.05,50.40,,,,,
Buriganga,SW42,Dhaka Sadar(Kotwal,7/15/2021,32.08,6.49,1.51,0.08,154,240,0.08,6.8,,,,,
Turag,SW302,Mirpur,7/15/2021,33,6.43,0.82,0.06,118,185,0.08,10.1,,,,,
Tongi Khal,SW299,Tongi,7/1/2021,31.75,6.42,2.84,0.07,131,201,0.03,11,,,,,
Balu,SW7.5,Demra,7/1/2021,32.25,6.77,2.09,0.09,176,270,0.14,30,,,,,
Buriganga,SW42,Dhaka Sadar(Kotwal,6/2/2021,32.55,6.68,2.88,0.37,579,886,0.13,80.3,,,,,
Buriganga,SW42,Dhaka Sadar(Kotwal,5/23/2021,32.76,6.92,0.91,0.5,677,1098,0.1,49.43,,,,,
Turag,SW302,Mirpur,5/9/2021,32.4,6.69,0.89,0.01,704,1141,0.02,45.22,,,,,
Tongi Khal,SW299,Tongi,5/3/2021,31.8,7.1,1.42,0,42,113,0.06,50.40,,,,,
Balu,SW7.5,Demra,5/3/2021,32.85,7.37,1.32,0.01,128,140,0.16,49.43,,,,,
Buriganga,SW42,Dhaka Sadar(Kotwal,4/4/2021,32.33,6.51,767,0.56,767,1180,0.1,95.5,,,,,
Balu,SW7.5,Demra,4/4/2021,31.61,6.7,702,0.51,702,1084,1.07,98,,,,,
Turag,SW302,Mirpur,4/1/2021,31.8,6.54,895,0.65,895,1381,0,93,,,,,
Tongi Khal,SW299,Tongi,4/1/2021,31.65,7.34,807,0.58,807,1243,0,66.5,,,,,
Balu,SW7.5,Demra,3/2/2021,29.7,7.1,0.85,0.4,641,948,0.41,86,,,,,
Turag,SW302,Mirpur,3/1/2021,29.7,7.58,0.56,0.5,692,1067,0.2,80,,,,,
Tongi Khal,SW299,Tongi,3/1/2021,29.7,7.8,0.45,0.49,666,1027,0.16,76.1,,,,,
Buriganga,SW42,Dhaka Sadar(Kotwal,3/1/2021,29.6,8,0.33,0.37,584,900,0.59,87,,,,,
Buriganga,SW42,Dhaka Sadar(Kotwal,2/3/2021,28.9,6.82,1.42,0.3,466,714,0.09,49.43,,,,,
Tongi Khal,SW299,Tongi,2/2/2021,29.3,7.55,0.48,0.37,579,891,0.02,50.40,,,,,
Balu,SW7.5,Demra,2/1/2021,28.9,7.2,0.9,0.37,575,891,0.01,49.43,,,,,
Turag,SW302,Mirpur,2/1/2021,29.3,7.06,0.38,0.33,516,797,0.38,45.22,,,,,
Buriganga,SW42,Dhaka Sadar(Kotwal,1/5/2021,23,6.7,0.86,0.3,456,701,0.34,64.25,,,,,
Tongi Khal,SW299,Tongi,1/4/2021,23,6.72,1.52,0.33,514,791,0.11,54.25,,,,,
Turag,SW302,Mirpur,1/3/2021,23,6.44,1.72,0.97,1287,1973,0.21,56.75,,,,,
Balu,SW7.5,Demra,1/3/2021,22.9,6.74,1.11,0.35,542,832,0.01,70.75,,,,,
Turag,SW302,Mirpur,12/2/2020,23.1,6.4,2.6,0.76,310,115,0.05,35.25,,,,,
Buriganga,SW42,Dhaka Sadar(Kotwal,12/2/2020,23.1,6.39,1.61,0.5,788,1210,0.07,28.75,,,,,
Balu,SW7.5,Demra,12/2/2020,23,640,0.89,0.76,997,1538,0.08,16.5,,,,,
Tongi Khal,SW299,Tongi,12/1/2020,23.1,6.29,1.3,0.57,788,1211,0.07,21.75,,,,,
Balu,SW7.5,Demra,11/3/2020,25.5,7.9,0.23,0.09,185,285,0.43,53,,,,,
Tongi Khal,SW299,Tongi,11/2/2020,25.3,7.59,0.29,0,216,518,0.05,24,,,,,
Buriganga,SW42,Dhaka Sadar(Kotwal,11/2/2020,25.5,7.73,0.21,0.07,136,215,0.29,29,,,,,
Turag,SW302,Mirpur,11/1/2020,25.68,7.15,0.18,0.1,101,133,0.02,41,,,,,
Tongi Khal,SW299,Tongi,10/7/2020,27.75,7.67,2.07,0.04,82,130,0.03,197,,,,,
Turag,SW302,Mirpur,10/5/2020,27.5,7.98,3.83,0.04,81,129,0.03,225,,,,,
Buriganga,SW42,Dhaka Sadar(Kotwal,10/4/2020,28.1,7.7,1.24,0.05,100,153,0.04,37.5,,,,,
Balu,SW7.5,Demra,10/4/2020,27.8,7.35,0.82,0.06,126,200,0.04,32.5,,,,,
Buriganga,SW42,Dhaka Sadar(Kotwal,9/3/2020,28.18,6.83,2.11,0.24,377,583,0.04,25,,,,,
Balu,SW7.5,Demra,9/3/2020,29.4,6.85,0.33,0.34,538,827,0.06,36,,,,,
Tongi Khal,SW299,Tongi,9/2/2020,29.4,7.5,0.38,0.48,671,1030,0.22,32.5,,,,,
Turag,SW302,Mirpur,9/1/2020,29.5,6.81,0.34,0.22,341,537,0.52,23.5,,,,,
Turag,SW302,Mirpur,8/9/2020,28.58,7.71,0.26,0.24,356,556,0.06,15,,,,,
Buriganga,SW42,Dhaka Sadar(Kotwal,8/5/2020,28.8,7.51,0.14,0.08,150,235,0.03,25,,,,,
Balu,SW7.5,Demra,8/4/2020,29,7.31,0.01,0.28,435,677,0.29,13.5,,,,,
Tongi Khal,SW299,Tongi,8/3/2020,29,8.38,0.27,0.25,378,585,0.05,33.5,,,,,
Balu,SW7.5,Demra,7/5/2020,29.2,7.52,3.02,0.09,179,276,0.54,22,,,,,
Buriganga,SW42,Dhaka Sadar(Kotwal,7/3/2020,28.5,7.8,2.41,0.13,276,421,0.05,30,,,,,
Turag,SW302,Mirpur,7/1/2020,29.05,7.9,4.66,0.09,177,277,0.01,25.5,,,,,
Tongi Khal,SW299,Tongi,7/1/2020,26.5,8.1,0,0.14,319,491,0.27,24.5,,,,,
Balu,SW7.5,Demra,6/4/2020,30.7,5.57,139,0.2,236,472,0.08,25,,,,,
Buriganga,SW42,Dhaka Sadar(Kotwal,6/4/2020,30.6,6.59,35.3,0.1,172.1,344,0.1,17,,,,,
Turag,SW302,Mirpur,6/1/2020,30.6,6.52,125.4,0.1,173.5,347,0.47,14,,,,,
Tongi Khal,SW299,Tongi,6/1/2020,30.9,6.42,3.3,0.1,148.9,298,0.01,12,,,,,
Balu,SW7.5,Demra,5/5/2020,30.7,6.37,10.8,0,509,1018,0.37,33,,,,,
Buriganga,SW42,Dhaka Sadar(Kotwal,5/4/2020,30.8,6.68,9,0.2,206,411,0.65,18,,,,,
Turag,SW302,Mirpur,5/1/2020,30.7,6.64,10.4,0.1,195,390,0.03,19,,,,,
Balu,SW7.5,Demra,4/7/2020,29.8,6.02,145.9,0.1,196.1,392,1.21,13,,,,,
Buriganga,SW42,Dhaka Sadar(Kotwal,4/2/2020,29.7,6.68,23.3,0,96.7,284,0.12,45,,,,,
Turag,SW302,Mirpur,4/1/2020,29.9,6.9,19.7,0.1,149.5,299,0.01,22,,,,,
Balu,SW7.5,Demra,3/5/2020,31.1,6.79,15.4,0.2,713,907,0.41,137,,,,,
Tongi Khal,SW299,Tongi,3/4/2020,31.1,6.79,10.5,0.1,230,540,0.69,140,,,,,
Turag,SW302,Mirpur,3/4/2020,31.2,6.88,2.09,0,242,443,0.33,122,,,,,
Buriganga,SW42,Dhaka Sadar(Kotwal,3/3/2020,31.2,6.8,7.2,0.1,469,771,0.02,106,,,,,
Balu,SW7.5,Demra,2/10/2020,26,6.27,27.9,0.4,370,740,0.45,39,,,,,
Tongi Khal,SW299,Tongi,2/9/2020,25.7,5.89,17.4,0.1,226,113.1,0.36,62,,,,,
Buriganga,SW42,Dhaka Sadar(Kotwal,2/5/2020,25.8,7.06,3.48,0,623,124.6,0.23,55,,,,,
Turag,SW302,Mirpur,2/1/2020,25.6,7.1,7.1,0.5,488,97.6,0.22,57,,,,,
Buriganga,SW42,Dhaka Sadar(Kotwal,1/11/2020,22.7,7.15,15.5,0.4,775,338,0.02,39,,,,,
Balu,SW7.5,Demra,1/6/2020,22.8,7.07,17.3,0.3,345,690,0.35,41,,,,,
Tongi Khal,SW299,Tongi,1/1/2020,22.6,7.1,27.3,0.1,435,871,0,47,,,,,
Turag,SW302,Mirpur,1/1/2020,22.8,7.61,15.8,0.1,168.8,690,0,49,,,,,
Balu,SW7.5,Demra,12/15/2019,20,7.09,0.4,0.3,317,636,0.11,35,,,,,
Buriganga,SW42,Dhaka Sadar(Kotwal,12/2/2019,20,7.21,12.5,0.3,272,545,0.16,30,,,,,
Tongi Khal,SW299,Tongi,12/1/2019,20,7.4,34.1,0.4,342,685,0,40,,,,,
Turag,SW302,Mirpur,12/1/2019,20,7.08,7.6,0.4,353,705,0.1,33,,,,,
Balu,SW7.5,Demra,11/4/2019,25.5,6.97,12,0.1,168.2,336,0.05,29,,,,,
Buriganga,SW42,Dhaka Sadar(Kotwal,11/3/2019,25.5,7.1,21.5,0.1,144.7,285,0.05,33,,,,,
Tongi Khal,SW299,Tongi,11/3/2019,25.5,6.72,16.8,0.1,156.3,312,0.19,29,,,,,
Turag,SW302,Mirpur,11/3/2019,25.5,6.79,16.6,0.1,121.4,243,0.27,20,,,,,
Buriganga,SW42,Dhaka Sadar(Kotwal,10/10/2019,27.7,7.14,29.3,0.1,233.7,252,0.31,14,,,,,
Balu,SW7.5,Demra,10/7/2019,27.7,7.44,21.3,0.2,331.2,348.3,0.23,24,,,,,
Tongi Khal,SW299,Tongi,10/2/2019,27.7,7.1,10.6,0.1,215.5,204.8,0.41,15,,,,,
Turag,SW302,Mirpur,10/1/2019,27.7,6.7,13.9,0.1,199.8,210,0.24,18,,,,,
Buriganga,SW42,Dhaka Sadar(Kotwal,9/12/2019,30.7,7.14,12.5,0,107.9,216,0.01,45,,,,,
Tongi Khal,SW299,Tongi,9/4/2019,30.6,6.95,12.6,0,238.17,181.2,0.03,55,,,,,
Balu,SW7.5,Demra,9/2/2019,30.6,7.71,14,0,105.9,211,0.03,30,,,,,
Turag,SW302,Mirpur,9/1/2019,30.7,7.04,17.5,0,82.2,164.4,0,20,,,,,
Buriganga,SW42,Dhaka Sadar(Kotwal,8/8/2019,32,7.56,0.6,0,85.8,171.6,0.02,15,,,,,
Turag,SW302,Mirpur,8/5/2019,32,6.72,6.4,0,76.8,153.5,0.02,27.5,,,,,
Balu,SW7.5,Demra,8/5/2019,32,7.24,0.3,0,80.2,240.1,0.22,20,,,,,
Tongi Khal,SW299,Tongi,8/1/2019,32,6.49,0.5,0,77.3,154.6,0.03,17.5,,,,,
Balu,SW7.5,Demra,7/6/2019,31.7,6.68,0.6,0,92.7,185.6,0.08,32.5,,,,,
Buriganga,SW42,Dhaka Sadar(Kotwal,7/4/2019,31.7,6.53,0.5,0.1,171.8,344,0.02,37.5,,,,,
Tongi Khal,SW299,Tongi,7/3/2019,31.7,6.35,0.6,0,114.3,228,0.12,30,,,,,
Turag,SW302,Mirpur,7/2/2019,31.7,6.63,0.4,0,119.1,238,0.07,27.5,,,,,
Turag,SW302,Mirpur,6/13/2019,30.3,6.27,0.6,0.1,153.4,307,0.12,14,,,,,
Balu,SW7.5,Demra,6/10/2019,30.4,6.57,19.2,0.2,239,477,0.45,8,,,,,
Tongi Khal,SW299,Tongi,6/9/2019,30.3,6.5,0.8,0,96.6,193.2,0.16,14,,,,,
Buriganga,SW42,Dhaka Sadar(Kotwal,6/1/2019,30.3,6.8,0.6,0.1,179.9,360,0.29,20,,,,,
Balu,SW7.5,Demra,5/8/2019,31.2,7.07,1.1,0.2,271,542,0.16,20,,,,,
Buriganga,SW42,Dhaka Sadar(Kotwal,5/8/2019,31,6.47,1.1,0.3,352,705,0.15,26,,,,,
Turag,SW302,Mirpur,5/7/2019,31.1,7.14,2.1,0.4,416,832,0.3,18,,,,,
Tongi Khal,SW299,Tongi,5/5/2019,31.2,6.93,2.6,0.3,292,583,0.34,16,,,,,
Buriganga,SW42,Dhaka Sadar(Kotwal,4/10/2019,31.8,7.02,1.2,0.6,614,1229,0.13,114,,,,,
Balu,SW7.5,Demra,4/9/2019,31.7,6.8,2.3,0,69,138,0.26,78,,,,,
Tongi Khal,SW299,Tongi,4/3/2019,31.7,6.83,1.1,0.4,407,814,0.01,65,,,,,
Turag,SW302,Mirpur,4/1/2019,31.7,7.3,2.2,0.5,512,1025,0.01,104,,,,,
Tongi Khal,SW299,Tongi,3/9/2019,29.8,6.76,0.4,0.4,412,824,0.03,112,,,,,
Balu,SW7.5,Demra,3/7/2019,29.7,6.5,4,0.4,429,861,0,89,,,,,
Buriganga,SW42,Dhaka Sadar(Kotwal,3/7/2019,29.9,6.98,0.4,0.6,556,1112,0.02,56,,,,,
Turag,SW302,Mirpur,3/3/2019,29.8,6.81,0.4,0.7,653,1306,0.05,101,,,,,
Buriganga,SW42,Dhaka Sadar(Kotwal,2/12/2019,27.2,7.78,0.7,0.4,433,867,0.04,81,,,,,
Balu,SW7.5,Demra,2/10/2019,27.1,6.83,15.9,0.5,459,917,0,105,,,,,
Tongi Khal,SW299,Tongi,2/6/2019,27,6.7,19.6,0.5,512,1024,0.01,99,,,,,
Turag,SW302,Mirpur,2/3/2019,27.3,6.57,5.1,0.5,503,1006,0.4,85,,,,,
Buriganga,SW42,Dhaka Sadar(Kotwal,1/10/2019,27.1,6.85,19,0.4,420,839,0,89,,,,,
Balu,SW7.5,Demra,1/7/2019,27,7.8,4.1,0.3,331,662,0.14,74,,,,,
Tongi Khal,SW299,Tongi,1/7/2019,26.8,6.74,3.3,0.4,431,861,0.55,85,,,,,
Turag,SW302,Mirpur,1/1/2019,26.8,6.79,1.5,0.4,416,833,0,57,,,,,
Balu,SW7.5,Demra,12/6/2018,25.2,6.51,14.9,0.3,171,541,0.06,52,,,,,
Tongi Khal,SW299,Tongi,12/6/2018,25,6.28,8.2,0.4,395,791,0.17,67,,,,,
Buriganga,SW42,Dhaka Sadar(Kotwal,12/3/2018,24.9,6.41,3.4,0.3,332,664,0,51,,,,,
Turag,SW302,Mirpur,12/2/2018,24.9,7.87,2.5,0.3,320,641,0,46,,,,,
Balu,SW7.5,Demra,11/8/2018,22.5,6.41,10.06,0.2,260,520,0.32,62,,,,,
Buriganga,SW42,Dhaka Sadar(Kotwal,11/8/2018,22.7,7.17,1.36,0.2,242.5,485,0.01,67,,,,,
Turag,SW302,Mirpur,11/1/2018,23,6.97,1.97,0.2,211.5,423,0.01,74,,,,,
Tongi Khal,SW299,Tongi,11/1/2018,22.5,6.82,1.55,0.2,210.5,420,0.02,73,,,,,
Buriganga,SW42,Dhaka Sadar(Kotwal,10/10/2018,29.2,6,0.95,0,116,232,0.03,81,,,,,
Balu,SW7.5,Demra,10/8/2018,29.1,6.2,0.88,0.1,145,290,0,65,,,,,
Turag,SW302,Mirpur,10/1/2018,29.2,6.69,1,0,91.9,183.8,0.01,62,,,,,
Tongi Khal,SW299,Tongi,10/1/2018,29.4,6.83,1.07,0,104.5,209,0.02,71,,,,,
Buriganga,SW42,Dhaka Sadar(Kotwal,9/6/2018,31.5,6.45,0.3,0,88,176,0.23,18,,,,,
Turag,SW302,Mirpur,9/3/2018,31.6,6.29,0.44,0,82.8,165.7,0.34,17.4,,,,,
Balu,SW7.5,Demra,9/3/2018,31.7,7.28,0.29,0,82.7,112.9,0.35,12,,,,,
Tongi Khal,SW299,Tongi,9/1/2018,31.5,7.36,0.4,0,87.2,174.5,0.02,17.8,,,,,
Buriganga,SW42,Dhaka Sadar(Kotwal,8/12/2018,33,6.68,3,0.1,110,220,0.3,23,,,,,
Turag,SW302,Mirpur,8/8/2018,32.5,6.88,0.6,0.1,105,210,0.86,20.5,,,,,
Tongi Khal,SW299,Tongi,8/8/2018,32.8,6.2,0.55,0,80.25,160.5,0.14,15.5,,,,,
Balu,SW7.5,Demra,8/5/2018,32,6.5,2.6,0.1,124.25,248.5,0.9,25.5,,,,,
Balu,SW7.5,Demra,7/9/2018,32.1,6.3,1.6,0,105.9,212,0.98,20.5,,,,,
Buriganga,SW42,Dhaka Sadar(Kotwal,7/8/2018,32.1,6.48,1,0,88.6,177.3,0.38,18,,,,,
Tongi Khal,SW299,Tongi,7/3/2018,32.1,6.03,0.4,0,78,155.9,0.1,16,,,,,
Turag,SW302,Mirpur,7/2/2018,31.9,6.95,0.4,0,89.6,179.3,0.9,18.8,,,,,
Tongi Khal,SW299,Tongi,6/13/2018,31.1,7.18,0.4,0,79.4,158.8,0.07,16,,,,,
Balu,SW7.5,Demra,6/4/2018,30.9,6.83,5.6,0,120.3,241,0.95,25,,,,,
Turag,SW302,Mirpur,6/3/2018,31,7.12,0.5,0,78.4,156.8,0.83,14.5,,,,,
Buriganga,SW42,Dhaka Sadar(Kotwal,6/3/2018,31.1,6.99,5.2,0,90.8,181.6,0.32,16.5,,,,,
Balu,SW7.5,Demra,5/4/2018,31.5,6.99,9.6,0.1,231,426,0.46,43,,,,,
Buriganga,SW42,Dhaka Sadar(Kotwal,5/3/2018,31.8,6.21,13.4,0.2,267,535,0.15,54,,,,,
Turag,SW302,Mirpur,5/2/2018,31.8,6.83,0.5,0,117,234,0.12,24,,,,,
Tongi Khal,SW299,Tongi,5/1/2018,31.8,5.1,5.2,0,135.5,271,0.1,26.8,,,,,
Balu,SW7.5,Demra,4/4/2018,31.4,6.93,10.7,0.3,324,648,0.38,65.5,,,,,
Buriganga,SW42,Dhaka Sadar(Kotwal,4/2/2018,31.5,7.22,8.3,0.3,402,803,0.1,79,,,,,
Turag,SW302,Mirpur,4/1/2018,31.5,7.03,1710,0.4,436,873,0.09,88,,,,,
Tongi Khal,SW299,Tongi,4/1/2018,31.5,6.95,23,0.4,454,907,0.08,91,,,,,
Balu,SW7.5,Demra,3/4/2018,30.7,11.83,10,0.3,317,634,0.14,65,,,,,
Turag,SW302,Mirpur,3/1/2018,30.7,6.72,10.3,0.3,387,773,0.06,78,,,,,
Tongi Khal,SW299,Tongi,3/1/2018,30.6,6.98,19.3,0.4,424,848,0.05,85,,,,,
Buriganga,SW42,Dhaka Sadar(Kotwal,3/1/2018,30.5,6.96,11.6,0.3,365,729,0.06,73,,,,,
Balu,SW7.5,Demra,2/5/2018,28.9,11.83,1.04,0.2,256,531,0.12,53,,,,,
Tongi Khal,SW299,Tongi,2/4/2018,28.9,6.98,12.18,0.4,421,854,0.04,84,,,,,
Turag,SW302,Mirpur,2/1/2018,29,6.72,11.91,0.3,372,743,0.05,75,,,,,
Buriganga,SW42,Dhaka Sadar(Kotwal,2/1/2018,28.9,6.96,12.01,0.3,367,733,0.04,72.8,,,,,
Buriganga,SW42,Dhaka Sadar(Kotwal,1/3/2018,28.8,6.95,13.93,0.3,333,667,0.05,66.5,,,,,
Balu,SW7.5,Demra,1/2/2018,28.8,7.06,0.8,0.2,232,463,0.14,45.5,,,,,
Turag,SW302,Mirpur,1/1/2018,28.9,6.9,4.22,0.2,294,597,0.06,59,,,,,
Tongi Khal,SW299,Tongi,1/1/2018,28.9,7.37,4.43,0.3,322,644,0.04,65,,,,,
Balu,SW7.5,Demra,12/5/2017,21.6,7,0.6,0.1,177.2,354,0.21,36,,,,,
Buriganga,SW42,Dhaka_Mill Barrack,12/4/2017,21.7,7.15,1.33,0.2,216,432,0.04,42.5,,,,,
Lakhya,SW180,Narayanganj,12/3/2017,18.7,7.16,0.61,0.2,208,415,0.2,41,,,,,
Tongi Khal,SW299,Tongi,12/2/2017,18.7,7.44,0.62,0.2,194.7,389,0.05,40,,,,,
Lakhya,SW180,Narayanganj,11/5/2017,25.1,7.37,0.41,0,86.4,172.8,0.26,18.2,,,,,
Buriganga,SW42,Dhaka_Mill Barrack,11/2/2017,25,7.15,0.55,0,67.6,135.2,0.05,14,,,,,
Balu,SW7.5,Demra,11/1/2017,25,7,0.75,0,95.1,190.2,0.25,20,,,,,
Tongi Khal,SW299,Tongi,11/1/2017,25.1,7.55,3.27,0,65.1,130.2,0.03,12.8,,,,,
Balu,SW7.5,Demra,10/2/2017,27.9,7.08,0.86,0,82.5,165.1,0.3,17,,,,,
Buriganga,SW42,Dhaka_Mill Barrack,10/2/2017,27.9,7.1,0.37,0,89.2,178.4,0.07,18.5,,,,,
Tongi Khal,SW299,Tongi,10/2/2017,27.6,7.45,0.6,0,69.5,139.1,0.05,14.5,,,,,
Lakhya,SW180,Narayanganj,10/2/2017,27.8,7.3,0.52,0,89.3,178.7,0.33,18,,,,,
Buriganga,SW42,Dhaka_Mill Barrack,9/7/2017,29.3,7.1,0.75,0,79.9,159.7,0.08,16.6,,,,,
Tongi Khal,SW299,Tongi,9/4/2017,29.2,7.52,1.25,0,56.7,113.3,0.04,1,,,,,
Balu,SW7.5,Demra,9/1/2017,29.2,7.05,0.74,0,76.3,152.6,0.28,16,,,,,
Lakhya,SW180,Narayanganj,9/1/2017,29.3,7.2,0.86,0,61.9,123.8,0.37,13,,,,,
Balu,SW7.5,Demra,8/7/2017,29.1,6.98,0.4,0,82.1,164.2,0.18,17.2,,,,,
Lakhya,SW180,Narayanganj,8/3/2017,29.1,7.15,0.45,0,74.2,148.3,0.06,15,,,,,
Buriganga,SW42,Dhaka_Mill Barrack,8/2/2017,29.1,7.06,0.55,0,68.8,137.5,0.37,14.5,,,,,
Tongi Khal,SW299,Tongi,8/1/2017,29,7.43,3.57,0,66,132.1,0.39,12.7,,,,,
Lakhya,SW180,Narayanganj,7/5/2017,29.4,7.06,0.63,0,69.7,139.3,0.29,14,,,,,
Buriganga,SW42,Dhaka_Mill Barrack,7/4/2017,29.3,6.93,0.53,0,61.9,123.8,0.22,12,,,,,
Balu,SW7.5,Demra,7/2/2017,29.4,6.76,0.52,0,81.8,163.6,0.27,16,,,,,
Tongi Khal,SW299,Tongi,7/2/2017,29,7.52,3.15,0,57,114,0.38,11,,,,,
Tongi Khal,SW299,Tongi,6/7/2017,28.9,7,1.23,0,114.2,228,0.66,23,,,,,
Buriganga,SW42,Dhaka_Mill Barrack,6/4/2017,28.8,6.75,0.52,0.2,224,448,0.17,46,,,,,
Buriganga,SW42,Dhaka_Mill Barrack,6/4/2017,28.8,6.75,0.52,0.2,224,448,0.17,46,,,,,
Balu,SW7.5,Demra,6/3/2017,28.8,7.75,3.17,0,194.2,388,0.81,38.5,,,,,
Lakhya,SW180,Narayanganj,6/2/2017,28.8,7.11,0.67,0,91.7,183.4,0.2,17.5,,,,,
Tongi Khal,SW299,Tongi,5/7/2017,30.5,6.92,20.5,0.3,369,739,0.14,74,,,,,
Lakhya,SW180,Narayanganj,5/5/2017,28.8,7.15,1,0,113.3,227,0.08,17.5,,,,,
Lakhya,SW180,Narayanganj,5/5/2017,28.8,7.15,1,0,113.3,227,0.08,22.5,,,,,
Balu,SW7.5,Demra,5/3/2017,30.4,7.7,2.22,0.2,301,601,0.21,60,,,,,
Buriganga,SW42,Dhaka_Mill Barrack,5/2/2017,30.5,6.9,1.16,0.3,357,713,0.38,70.5,,,,,
Buriganga,SW42,Dhaka_Mill Barrack,4/12/2017,21.7,7.15,1.33,0.2,216,432,0.04,42.5,,,,,
Balu,SW7.5,Demra,4/2/2017,30.4,7.5,3.39,0.4,437,875,-0.31,87,,,,,
Buriganga,SW42,Dhaka_Mill Barrack,4/2/2017,30.4,6.85,2.49,0.5,502,1003,0.04,100,,,,,
Tongi Khal,SW299,Tongi,4/2/2017,30.4,6.89,2.27,0.4,430,860,0.06,85,,,,,
Lakhya,SW180,Narayanganj,4/1/2017,30.4,6.9,1.44,0.4,473,946,0.34,95,,,,,
Tongi Khal,SW299,Tongi,3/7/2017,31.2,6.59,20.1,0.3,394,788,80,0.17,,,,,
Balu,SW7.5,Demra,3/5/2017,31.2,6.75,10.54,0.4,464,927,0.01,90,,,,,
Buriganga,SW42,Dhaka_Mill Barrack,3/1/2017,31.01,6.72,5.42,0.4,467,933,0.06,91,,,,,
Lakhya,SW180,Narayanganj,3/1/2017,31.2,7.14,3.85,0.4,438,875,0.62,85,,,,,
Buriganga,SW42,Dhaka_Mill Barrack,2/8/2017,29.1,7.06,0.55,0,68.8,137.5,0.37,14.5,,,,,
Balu,SW7.5,Demra,2/1/2017,26.2,6.85,7.58,0.4,426,851,0.08,85,,,,,
Buriganga,SW42,Dhaka_Mill Barrack,2/1/2017,26.1,7.05,6.14,0.4,397,793,0.08,80,,,,,
Tongi Khal,SW299,Tongi,2/1/2017,26.5,7.22,10.92,0.4,441,882,0.1,88,,,,,
Lakhya,SW180,Narayanganj,2/1/2017,26,7.44,6.64,0.4,399,798,0.1,80,,,,,
Balu,SW7.5,Demra,1/3/2017,24.8,6.9,8.27,0.4,396,793,0.05,80,,,,,
Buriganga,SW42,Dhaka_Mill Barrack,1/1/2017,24.7,6.98,4.74,0.3,329,659,0.06,66,,,,,
Tongi Khal,SW299,Tongi,1/1/2017,24.7,7.21,21.5,0.3,354,708,0.05,70,,,,,
Lakhya,SW180,Narayanganj,1/1/2017,24.8,7.13,4.99,0.3,322,645,0.06,64,,,,,
Buriganga,SW42,Dhaka_Mill Barrack,12/1/2016,22.1,7.1,2.08,0.2,255,512,0.26,48,,,,,
Balu,SW7.5,Demra,12/1/2016,22.2,7.2,0.61,0.2,193,386,0.2,35,,,,,
Lakhya,SW180,Narayanganj,12/1/2016,22.2,7,6.05,0.2,238,477,0.64,45,,,,,
Tongi Khal,SW299,Tongi,12/1/2016,22.1,7.12,2.91,0.2,256,511,0.23,46,,,,,
Balu,SW7.5,Demra,11/1/2016,22,7.15,0.53,0.1,135.1,270,0.35,27,,,,,
Buriganga,SW42,Dhaka_Mill Barrack,11/1/2016,22,7.1,0.52,0.1,120.7,241,0.2,24,,,,,
Tongi Khal,SW299,Tongi,11/1/2016,21.9,7.12,0.51,0.1,114.2,228,0.6,22.5,,,,,
Lakhya,SW180,Narayanganj,11/1/2016,21.9,7,0.35,0.1,109.8,220,0.7,22,,,,,
Balu,SW7.5,Demra,10/4/2016,20.5,0.1,104,0.1,104,208,0.3,20.5,,,,,
Buriganga,SW42,Dhaka_Mill Barrack,10/2/2016,20.5,0,71,0,71,142,0.15,15.95,,,,,
Tongi Khal,SW299,Tongi,10/2/2016,20.6,0,63.7,0,63.7,127.5,0.55,12,,,,,
Lakhya,SW180,Narayanganj,10/1/2016,20.6,0,94.8,0,94.8,189.6,0.65,18.5,,,,,
Balu,SW7.5,Demra,9/5/2016,25.8,6.28,0.24,0,112.6,225,0.25,22,,,,,
Buriganga,SW42,Dhaka_Mill Barrack,9/1/2016,25.7,6.82,0.2,0,80.2,160.3,0.1,17.75,,,,,
Tongi Khal,SW299,Tongi,9/1/2016,25.8,6.57,0.34,0,89.9,179.8,0.45,16,,,,,
Lakhya,SW180,Narayanganj,9/1/2016,25.9,6.53,0.18,0,108.4,217,0.5,20,,,,,
Balu,SW7.5,Demra,8/4/2016,27.9,6.2,0.26,0,74.7,149.4,0.2,15,,,,,
Buriganga,SW42,Dhaka_Mill Barrack,8/1/2016,28.1,6.56,0.43,0,81,162,0.07,15.75,,,,,
Lakhya,SW180,Narayanganj,8/1/2016,27.9,6.78,0.3,0,66.4,132.7,0.48,12,,,,,
Tongi Khal,SW299,Tongi,8/1/2016,27.9,6.29,0.29,0,58.7,117.3,0.4,12,,,,,
Buriganga,SW42,Dhaka_Mill Barrack,7/12/2016,27.7,6.79,0.35,0,65.7,131.5,0.49,13,,,,,
Balu,SW7.5,Demra,7/11/2016,27.5,6.07,0.18,0,92,183.9,0.13,20,,,,,
Tongi Khal,SW299,Tongi,7/11/2016,27.8,6.61,0.22,0,54.6,109.3,0.52,10,,,,,
Tongi Khal,SW299,Tongi,7/10/2016,27.8,6.61,0.22,0,54.6,109.3,10,0.52,,,,,
Lakhya,SW180,Narayanganj,7/1/2016,27.7,6.25,0.2,0,54.6,109.3,0.52,10,,,,,
Balu,SW7.5,Demra,6/5/2016,28.8,6.74,1.57,0.1,154.8,310,0.37,35,,,,,
Buriganga,SW42,Dhaka_Mill Barrack,6/1/2016,29.3,6.77,0.52,0,94.6,189.1,0.25,19.75,,,,,
Lakhya,SW180,Narayanganj,6/1/2016,29,4.26,3.16,0.1,167.5,335,0.96,25,,,,,
Tongi Khal,SW299,Tongi,6/1/2016,29.1,6.51,1.24,0,96.4,192.8,0.43,20,,,,,
Buriganga,SW42,Dhaka_Mill Barrack,5/10/2016,28.9,6.86,1.22,0.1,156,312,0.24,30,,,,,
Balu,SW7.5,Demra,5/8/2016,29.2,6.61,3.85,0.2,241,482,0.33,76,,,,,
Tongi Khal,SW299,Tongi,5/2/2016,28.4,7.09,0.31,0,85.8,171.6,0.13,17,,,,,
Lakhya,SW180,Narayanganj,5/1/2016,28.4,6.4,4.55,0.4,410,820,0.38,7.5,,,,,
Balu,SW7.5,Demra,4/7/2016,28.1,6.1,0.88,0.4,412,825,0.34,98,,,,,
Buriganga,SW42,Dhaka_Mill Barrack,4/3/2016,28.1,6.29,4.7,0.5,512,1025,0.38,95,,,,,
Tongi Khal,SW299,Tongi,4/3/2016,28.2,6.37,2.27,0.3,332,664,3.36,70,,,,,
Lakhya,SW180,Narayanganj,4/1/2016,28.1,6.24,2.21,0.4,453,9.6,0.21,103,,,,,
Balu,SW7.5,Demra,3/3/2016,27.00,6.27,5,0.4,468,935,0.5,5,,,,,
Buriganga,SW42,Dhaka_Mill Barrack,3/1/2016,27.00,6.24,1.99,0.4,468,936,0.37,1.99,,,,,
Lakhya,SW180,Narayanganj,3/1/2016,27.06,6.6,3.54,0.4,440,880,0.86,3.54,,,,,
Tongi Khal,SW299,Tongi,3/1/2016,27.70,6.26,2.06,0.3,370,740,0.1,2.06,,,,,
Buriganga,SW42,Dhaka_Mill Barrack,2/1/2016,27.6,6.53,7.26,0.2,278,557,0.32,55.7,,,,,
Balu,SW7.5,Demra,2/1/2016,27.8,6.54,7.01,0.4,437,874,0.46,87.4,,,,,
Lakhya,SW180,Narayanganj,2/1/2016,27.8,6.88,5.02,0.2,245,490,0.81,48.5,,,,,
Tongi Khal,SW299,Tongi,2/1/2016,27.8,6.43,2.76,0.4,423,845,0.3,88.9,,,,,
Balu,SW7.5,Demra,1/3/2016,20.1,7.41,3.88,0.3,357,714,0.67,78,,,,,
Buriganga,SW42,Dhaka_Mill Barrack,1/3/2016,20.1,6.11,2.45,0.4,377,754,0.39,80,,,,,
Tongi Khal,SW299,Tongi,1/3/2016,20.2,6.29,0.27,0.4,378,756,0.1,80,,,,,
Lakhya,SW180,Narayanganj,1/1/2016,20.1,6.39,2.43,0.3,307,613,0.45,71,,,,,
Balu,SW7.5,Demra,12/1/2015,22.7,6.64,7.91,0.3,334,668,0.58,93,,,,,
Balu,SW7.5,Demra,12/1/2015,22.7,6.64,7.91,0.3,334,668,0.58,93,,,,,
Buriganga,SW42,Dhaka_Mill Barrack,12/1/2015,22.7,7.28,5.23,0.3,307,614,0.34,87,,,,,
Buriganga,SW42,Dhaka_Mill Barrack,12/1/2015,22.7,7.28,5.23,0.3,307,614,0.34,87,,,,,
Lakhya,SW180,Narayanganj,12/1/2015,22.7,6.55,2.94,0.2,245,489,0.35,48,,,,,
Tongi Khal,SW299,Tongi,12/1/2015,22.6,6.53,1.19,0.3,307,615,0.34,88,,,,,
Tongi Khal,SW299,Tongi,12/1/2015,22.6,6.53,1.19,0.3,307,615,0.34,88,,,,,
Lakhya,SW180,Narayanganj,12/1/2015,22.7,2.94,0.2,245,489,487.27,48,49.04,,,,,
Balu,SW7.5,Demra,11/8/2015,27.00,6.87,4.22,0.1,174.9,350,1.05,47.8,,,,,
Buriganga,SW42,Dhaka_Mill Barrack,11/1/2015,27.00,6.87,6.85,0.1,172,344,0.52,47.5,,,,,
Lakhya,SW180,Narayanganj,11/1/2015,27.06,6.98,2.92,0.1,164.3,328,0.51,45,,,,,
Tongi Khal,SW299,Tongi,11/1/2015,27.70,6.98,0.89,0.1,164.6,329,0.1,45.3,,,,,
Balu,SW7.5,Demra,10/5/2015,27.00,7.11,0.75,0,82.6,165.2,0.46,24,,,,,
Buriganga,SW42,Dhaka_Mill Barrack,10/4/2015,27.00,7.63,2.48,0,87.8,178.6,0.27,11,,,,,
Lakhya,SW180,Narayanganj,10/1/2015,27.06,7.35,2.12,0,84.3,168.5,0.29,24.25,,,,,
Tongi Khal,SW299,Tongi,10/1/2015,27.70,7.16,0.49,0,57.6,115.2,0.35,15,,,,,
Balu,SW7.5,Demra,9/3/2015,27.00,7.36,0.83,0,82.7,165.3,0.11,23.25,,,,,
Buriganga,SW42,Dhaka_Mill Barrack,9/1/2015,27.00,7.86,1.15,0,91.8,183.6,0.65,11.5,,,,,
Tongi Khal,SW299,Tongi,9/1/2015,27.70,7.78,1.42,0,64.1,128.2,0.18,17.9,,,,,
Lakhya,SW180,Narayanganj,9/1/2015,27.06,7.54,1.25,0,68,135.9,0.19,20.5,,,,,
Balu,SW7.5,Demra,8/5/2015,27.00,6.66,0.73,0,78.6,157.2,0.22,25,,,,,
Buriganga,SW42,Dhaka_Mill Barrack,8/2/2015,27.00,7.46,0.91,0,89.6,179.2,0.53,23,,,,,
Tongi Khal,SW299,Tongi,8/2/2015,27.70,7.26,0.47,0,54.4,108.9,0.42,21,,,,,
Lakhya,SW180,Narayanganj,8/1/2015,27.06,7.02,2.21,0,85.4,107.8,0.53,22,,,,,
Balu,SW7.5,Demra,7/5/2015,27.00,6.81,2.71,0,110.9,222,0.8,39.25,,,,,
Buriganga,SW42,Dhaka_Mill Barrack,7/1/2015,27.00,6.86,2.42,0,79.1,158.3,0.46,29,,,,,
Lakhya,SW180,Narayanganj,7/1/2015,27.06,7.07,1.84,0,63.3,130.5,0.7,24,,,,,
Tongi Khal,SW299,Tongi,7/1/2015,27.70,7.05,0.44,0,58.5,117.1,0.42,12.9,,,,,
Balu,SW7.5,Demra,6/2/2015,27.00,7.38,0.55,0,75,150,0.03,26.25,,,,,
Buriganga,SW42,Dhaka_Mill Barrack,6/1/2015,27.00,7,5.1,0.1,198,395,0.06,12.1,,,,,
Tongi Khal,SW299,Tongi,6/1/2015,27.70,7.32,0.67,0,95,190,0.03,29.5,,,,,
Lakhya,SW180,Narayanganj,6/1/2015,27.06,7.33,0.59,0,86.7,173,0.25,32.5,,,,,
Balu,SW7.5,Demra,5/4/2015,27.00,7.06,5.58,0.2,268,536,0.03,49.43,,,,,
Tongi Khal,SW299,Tongi,5/3/2015,27.70,7.19,7.38,0.3,347,694,0,50.40,,,,,
Buriganga,SW42,Dhaka_Mill Barrack,5/2/2015,27.00,7.56,5,0.4,464,929,0.03,49.43,,,,,
Lakhya,SW180,Narayanganj,5/1/2015,27.06,7.54,6.2,0.2,229,457,0.27,,,,,,
Buriganga,SW42,Dhaka_Mill Barrack,4/2/2015,27.00,7.36,1.66,0.4,436,872,0.6,158,,,,,
Balu,SW7.5,Demra,4/1/2015,27.00,7.98,3.15,0.5,496,992,0.1,145,,,,,
Tongi Khal,SW299,Tongi,4/1/2015,27.70,7.98,2.53,0.5,554,1109,0,134,,,,,
Lakhya,SW180,Narayanganj,4/1/2015,27.06,7.73,1.84,0.4,414,829,0.13,128,,,,,
Balu,SW7.5,Demra,3/1/2015,27.00,7.56,12.5,0.4,439,879,0,108,,,,,
Buriganga,SW42,Dhaka_Mill Barrack,3/1/2015,27.00,7.39,10.76,0.4,488,976,0,134,,,,,
Tongi Khal,SW299,Tongi,3/1/2015,27.70,7.34,3.59,0.5,548,1096,0.31,135,,,,,
Lakhya,SW180,Narayanganj,3/1/2015,27.06,7.69,2.45,0.4,402,803,0.01,120,,,,,
Buriganga,SW42,Dhaka_Mill Barrack,2/1/2015,27.00,7.38,15.5,0.4,406,813,0.02,100,,,,,
Balu,SW7.5,Demra,2/1/2015,27.00,7.56,1.21,0.3,306,612,0.02,40,,,,,
Lakhya,SW180,Narayanganj,2/1/2015,27.06,7.59,18.9,0.4,450,899,0.16,98,,,,,
Tongi Khal,SW299,Tongi,2/1/2015,27.70,6.9,12.27,0.5,503,1005,0.06,103,,,,,
Buriganga,SW42,Dhaka_Mill Barrack,1/4/2015,27.00,7.25,21.3,0.3,389,778,0.3,103,,,,,
Balu,SW7.5,Demra,1/1/2015,27.00,7.41,5.3,0.2,279,559,0.26,41,,,,,
Lakhya,SW180,Narayanganj,1/1/2015,27.06,7.44,20.4,0.3,350,699,0.12,84,,,,,
Tongi Khal,SW299,Tongi,1/1/2015,27.70,7.62,3.4,0,70,140.1,0,9.5,,,,,
Balu,SW7.5,Demra,12/3/2014,27.00,7.21,2.39,0.2,2.03,4.06,0.09,70,,,,,
Balu,SW7.5,Demra,12/3/2014,27.00,7.21,2.39,0.2,203,406,0.29,70,,,,,
Buriganga,SW42,Dhaka_Mill Barrack,12/1/2014,27.00,7.08,1.73,0.3,306,612,0.21,112,,,,,
Buriganga,SW42,Dhaka_Mill Barrack,12/1/2014,27.00,7.08,1.73,0.3,306,612,0.21,112,,,,,
Tongi Khal,SW299,Tongi,12/1/2014,27.70,7.03,14.02,0.3,325,649,0.09,67,,,,,
Tongi Khal,SW299,Tongi,12/1/2014,27.70,7.03,14.02,0.3,325,649,0.09,67,,,,,
Lakhya,SW180,Narayanganj,12/1/2014,27.06,7.1,5.13,0.2,282,564,0.12,70,,,,,
Lakhya,SW180,Narayanganj,12/1/2014,27.06,7.1,5.13,0.2,282,564,0.12,70,,,,,
Tongi Khal,SW299,Tongi,11/2/2014,27.70,6.67,12.27,0.27,238.17,493.64,0.49,50.40,,,,,
Tongi Khal,SW299,Tongi,11/2/2014,27.70,6.67,1.55,0.1,117.8,236,0.48,17.5,,,,,
Tongi Khal,SW299,Tongi,11/2/2014,27.70,6.67,1.55,0.1,117.8,236,0.48,17.5,,,,,
Balu,SW7.5,Demra,11/1/2014,27.00,6.76,12.94,0.1,154.7,310,0.11,42.5,,,,,
Balu,SW7.5,Demra,11/1/2014,27.00,6.76,12.94,0.1,154.7,310,0.11,42.5,,,,,
Buriganga,SW42,Dhaka_Mill Barrack,11/1/2014,27.00,7.06,3.19,0.1,44,87.9,0.03,11.6,,,,,
Buriganga,SW42,Dhaka_Mill Barrack,11/1/2014,27.00,7.07,3.19,0.1,44,87.9,0.03,11.6,,,,,
Lakhya,SW180,Narayanganj,11/1/2014,27.06,6.61,11.52,0.1,174,349,0.12,36,,,,,
Lakhya,SW180,Narayanganj,11/1/2014,27.06,6.61,11.52,0.1,174,349,0.12,36,,,,,
Balu,SW7.5,Demra,10/1/2014,27.00,6.94,1.66,0.1,116.3,234,0.01,6.6,,,,,
Balu,SW7.5,Demra,10/1/2014,27.00,6.94,1.66,0.1,116.3,234,0.01,6.6,,,,,
Buriganga,SW42,Dhaka_Mill Barrack,10/1/2014,27.00,7.78,1.22,0,80.8,161.5,0.02,28.5,,,,,
Buriganga,SW42,Dhaka_Mill Barrack,10/1/2014,27.00,7.78,1.22,0,80.8,161.5,0.02,28.5,,,,,
Lakhya,SW180,Narayanganj,10/1/2014,27.06,6.89,1.44,0,59.1,118.6,0.64,12.8,,,,,
Lakhya,SW180,Narayanganj,10/1/2014,27.06,6.89,1.44,20,59.1,118.6,0.34,12.8,,,,,
Tongi Khal,SW299,Tongi,10/1/2014,27.70,6.94,1.38,0,69,138.1,0.03,21.5,,,,,
Tongi Khal,SW299,Tongi,10/1/2014,27.70,6.94,1.38,0,69,138.1,0.03,21.5,,,,,
Balu,SW7.5,Demra,9/2/2014,27.00,6.11,3.59,0,99.5,199,0.2,21.75,,,,,
Balu,SW7.5,Demra,9/2/2014,27.00,6.11,3.59,0,99.5,199,0.2,21.75,,,,,
Buriganga,SW42,Dhaka_Mill Barrack,9/1/2014,27.00,5.98,1.68,0,83.1,166.2,0.27,7.75,,,,,
Buriganga,SW42,Dhaka_Mill Barrack,9/1/2014,27.00,5.98,1.68,0,83.1,166.2,0.27,7.75,,,,,
Tongi Khal,SW299,Tongi,9/1/2014,27.70,6.54,4.67,0,67.9,135.8,0.01,9.5,,,,,
Tongi Khal,SW299,Tongi,9/1/2014,27.70,6.54,4.67,0,67.9,135.8,0.01,9.5,,,,,
Lakhya,SW180,Narayanganj,9/1/2014,27.06,6.66,4.4,0,79.1,158.2,0.1,12,,,,,
Lakhya,SW180,Narayanganj,9/1/2014,27.06,6.66,4.4,0,79.1,158.2,0.1,12,,,,,
Buriganga,SW42,Dhaka_Mill Barrack,8/4/2014,27.00,7.29,8.24,0,84.2,168.2,0.03,11.75,,,,,
Balu,SW7.5,Demra,8/3/2014,27.00,6.58,5.42,0,117.1,234,0.22,18.75,,,,,
Balu,SW7.5,Demra,8/3/2014,27.00,6.58,5.42,0,117.1,234,0.22,18.75,,,,,
Tongi Khal,SW299,Tongi,8/3/2014,27.70,6.66,4.85,0,65.3,130.7,0.05,6,,,,,
Tongi Khal,SW299,Tongi,8/3/2014,27.70,6.66,4.85,0,65.3,130.7,0.05,6,,,,,
Lakhya,SW180,Narayanganj,8/1/2014,27.06,6.67,2.62,0,91.3,182.2,0.05,13.25,,,,,
Lakhya,SW180,Narayanganj,8/1/2014,27.06,6.67,2.62,0,91.3,182.2,0.05,13.25,,,,,
Balu,SW7.5,Demra,7/2/2014,27.00,6.82,2.07,0,121.1,242,0.38,27.5,,,,,
Balu,SW7.5,Demra,7/2/2014,27.00,6.82,2.07,0,121.1,242,0.38,27.5,,,,,
Lakhya,SW180,Narayanganj,7/2/2014,27.06,6.67,1.82,0,96.6,193.5,0.65,17.75,,,,,
Lakhya,SW180,Narayanganj,7/2/2014,27.06,6.67,1.82,0,96.6,193.2,0.65,17.75,,,,,
Buriganga,SW42,Dhaka_Mill Barrack,7/1/2014,27.00,7.38,2.62,0,127,255,0.12,25.75,,,,,
Buriganga,SW42,Dhaka_Mill Barrack,7/1/2014,27.00,7.38,2.62,0,127,255,0.12,25.75,,,,,
Tongi Khal,SW299,Tongi,7/1/2014,27.70,6.7,1.7,0,68.7,137.4,0.22,12.75,,,,,
Tongi Khal,SW299,Tongi,7/1/2014,27.70,6.7,1.7,0,68.7,137.4,0.22,12.75,,,,,
Balu,SW7.5,Demra,6/2/2014,27.00,7.25,0.61,0.4,414,828,0.01,105,,,,,
Buriganga,SW42,Dhaka_Mill Barrack,6/1/2014,27.00,7.14,3.63,0.3,312,619,0.03,72,,,,,
Lakhya,SW180,Narayanganj,6/1/2014,27.06,7.39,0.37,0.4,455,910,0.04,114,,,,,
Tongi Khal,SW299,Tongi,6/1/2014,27.70,7.21,0.07,0.6,613,1126,0.03,130,,,,,
Balu,SW7.5,Demra,5/4/2014,27.00,7.08,0.69,0.5,527,1054,0.08,150,,,,,
Buriganga,SW42,Dhaka_Mill Barrack,5/4/2014,27.00,7.33,0.28,0.5,568,1136,0.01,172,,,,,
Tongi Khal,SW299,Tongi,5/4/2014,27.70,7.31,1.8,0.7,780,1481,0.14,312.5,,,,,
Lakhya,SW180,Narayanganj,5/1/2014,27.06,7.41,0.21,0.5,572,1144,0.06,142,,,,,
Balu,SW7.5,Demra,4/2/2014,27.00,7.07,2.34,0,528,1057,0.01,125,,,,,
Buriganga,SW42,Dhaka_Mill Barrack,4/1/2014,27.00,7.04,1.66,0.4,437,874,0.03,116,,,,,
Tongi Khal,SW299,Tongi,4/1/2014,27.70,7.06,8.83,0.5,505,1010,0,99,,,,,
Lakhya,SW180,Narayanganj,4/1/2014,27.06,7.31,1.1,0.3,367,733,0.06,108,,,,,
Buriganga,SW42,Dhaka_Mill Barrack,3/2/2014,27.00,7.07,12.12,0.4,457,914,0.01,120,,,,,
Balu,SW7.5,Demra,3/2/2014,27.00,6.55,0.48,0.4,490,979,0.04,130,,,,,
Lakhya,SW180,Narayanganj,3/1/2014,27.06,7.32,3.28,0.5,529,1059,0.07,148,,,,,
Tongi Khal,SW299,Tongi,3/1/2014,27.70,7.2,0.77,0.5,539,1079,0.03,153,,,,,
Lakhya,SW180,Narayanganj,2/10/2014,27.06,7.43,9.78,0.3,366,731,0.13,110,,,,,
Buriganga,SW42,Dhaka_Mill Barrack,2/2/2014,27.00,7.13,1.51,0.3,397,794,0.08,181,,,,,
Balu,SW7.5,Demra,2/1/2014,27.00,6.79,0.74,0.5,512,1023,0.06,117,,,,,
Tongi Khal,SW299,Tongi,2/1/2014,27.70,7.42,0.53,0.4,484,968,0.01,130,,,,,
Balu,SW7.5,Demra,1/2/2014,27.00,7.75,8,0.2,278,556,0.01,70,,,,,
Tongi Khal,SW299,Tongi,1/1/2014,27.70,7.86,6.6,0.3,386,771,0.01,115,,,,,
Lakhya,SW180,Narayanganj,12/31/2013,27.06,7.58,5.1,0.2,288,577,0.01,89,,,,,
Balu,SW7.5,Demra,12/10/2013,27.00,7.92,5.2,0.2,214,429,0.02,142,,,,,
Buriganga,SW42,Dhaka_Mill Barrack,12/4/2013,27.00,7.85,6,0.1,183.3,367,0.01,54.25,,,,,
Tongi Khal,SW299,Tongi,12/1/2013,27.70,7.92,6,0.2,298,596,0.01,67,,,,,
Balu,SW7.5,Demra,11/4/2013,27.00,7.94,5.2,0.1,128.4,257,0.03,35.5,,,,,
Balu,SW7.5,Demra,11/4/2013,27.00,7.94,5.2,0.1,128.4,257,0.03,35.5,,,,,
Tongi Khal,SW299,Tongi,11/4/2013,27.70,7.67,5.1,0.1,135.6,271,0.01,20.5,,,,,
Tongi Khal,SW299,Tongi,11/4/2013,27.70,7.67,5.1,0.1,135.6,271,0.01,20.5,,,,,
Buriganga,SW42,Dhaka_Mill Barrack,11/3/2013,27.00,6.67,5.2,0.01,144.5,289,0.02,53.5,,,,,
Buriganga,SW42,Dhaka_Mill Barrack,11/3/2013,27.00,7.37,5.2,0.01,144.5,289,0.02,53.5,,,,,
Balu,SW7.5,Demra,9/2/2013,27.00,6.95,0.9,0,93.9,187.7,0.02,17.25,,,,,
Lakhya,SW180,Narayanganj,9/2/2013,27.06,7.2,8.9,0,95.9,191.9,0.03,18.75,,,,,
Buriganga,SW42,Dhaka_Mill Barrack,9/1/2013,27.00,7.21,7.8,0,85.6,171.6,0.03,18.75,,,,,
Buriganga,SW42,Dhaka_Mill Barrack,9/1/2013,27.00,7.21,7.8,0,85.6,171.6,0.29,49.43,,,,,
Tongi Khal,SW299,Tongi,9/1/2013,27.70,7.5,7.6,0,82.5,164.5,0.03,17.25,,,,,
Lakhya,SW180,Narayanganj,8/4/2013,27.06,7.26,7.17,0,87.9,175.8,0.03,21.25,,,,,
Balu,SW7.5,Demra,8/2/2013,27.00,7.2,9.66,0,87.9,175.8,0.03,21.25,,,,,
Buriganga,SW42,Dhaka_Mill Barrack,8/1/2013,27.00,7.32,6.6,0,91.4,182.8,0.29,49.43,,,,,
Buriganga,SW42,Dhaka_Mill Barrack,8/1/2013,27.00,7.32,6.6,0,91.4,182.8,0.03,21.25,,,,,
Tongi Khal,SW299,Tongi,8/1/2013,27.70,7.2,6.47,0,81.6,163.1,0.03,14.5,,,,,
Balu,SW7.5,Demra,7/2/2013,27.00,7.48,7.2,0.1,156.1,312,0.03,37.5,,,,,
Lakhya,SW180,Narayanganj,7/2/2013,27.06,7.45,7.88,0.1,131,262,0.03,27.25,,,,,
Tongi Khal,SW299,Tongi,7/2/2013,27.70,7,6.48,0.1,174.2,348,0.03,32,,,,,
Buriganga,SW42,Dhaka_Mill Barrack,7/1/2013,27.00,7.15,7.13,0.2,259,518,0.29,49.43,,,,,
Buriganga,SW42,Dhaka_Mill Barrack,7/1/2013,27.00,7.15,7.13,0.2,259,518,3,48.25,,,,,
Balu,SW7.5,Demra,6/4/2013,27.00,6.71,0.2,0.2,253,506,0.29,49.43,,,,,
Lakhya,SW180,Narayanganj,6/3/2013,27.06,6.45,1.47,0.2,221,421,0.02,38.25,,,,,
Buriganga,SW42,Dhaka_Mill Barrack,6/2/2013,27.00,6.83,0,0.4,448,896,0.03,91.5,,,,,
Tongi Khal,SW299,Tongi,6/2/2013,27.70,6.85,0.6,0.3,320,640,0.03,70.63,,,,,
Buriganga,SW42,Dhaka_Mill Barrack,6/2/2013,27.00,6.83,,0.4,448,896,0.29,49.43,,,,,
Balu,SW7.5,Demra,5/25/2013,27.00,6.57,0,0.5,505,1010,0.02,95,,,,,
Lakhya,SW180,Narayanganj,5/8/2013,27.06,7.62,7.04,0.4,455,910,0.03,78,,,,,
Buriganga,SW42,Dhaka_Mill Barrack,5/2/2013,27.00,7.02,0.9,0.3,335,670,0.03,88,,,,,
Tongi Khal,SW299,Tongi,5/2/2013,27.70,7.12,7.46,0.4,485,971,0.03,69.25,,,,,
Balu,SW7.5,Demra,4/2/2013,27.00,7.14,8.29,0.4,447,894,0.03,74,,,,,
Tongi Khal,SW299,Tongi,4/2/2013,27.70,6.85,0.6,0.3,320,640,0.02,65,,,,,
Buriganga,SW42,Dhaka_Mill Barrack,4/1/2013,27.00,7.15,6,0.2,269.1,539,0.02,83,,,,,
Tongi Khal,SW299,Tongi,4/1/2013,27.70,7.16,5.9,0.3,331,661,0.02,61.5,,,,,
Lakhya,SW180,Narayanganj,4/1/2013,27.06,7.12,5.6,0.2,218,413,0.02,35,,,,,
Buriganga,SW42,Dhaka_Mill Barrack,3/6/2013,27.00,6.47,6.21,0.4,463,926,0,94,,,,,
Lakhya,SW180,Narayanganj,3/6/2013,27.06,6.27,6.5,0.3,364,728,0.02,81,,,,,
Balu,SW7.5,Demra,3/4/2013,27.00,6.51,0.3,0.7,732,1463,0.02,117.5,,,,,
Tongi Khal,SW299,Tongi,3/2/2013,27.70,7.37,0.15,0.4,463,932,0.85,68,,,,,
Buriganga,SW42,Dhaka_Mill Barrack,2/3/2013,27.00,6.77,7.62,0.4,446,892,0.02,85,,,,,
Balu,SW7.5,Demra,2/3/2013,27.00,6.75,7.48,0.4,420,839,0.01,82,,,,,
Lakhya,SW180,Narayanganj,2/3/2013,27.06,6.53,7.75,0.3,383,766,0.02,78,,,,,
Tongi Khal,SW299,Tongi,2/1/2013,27.70,6.57,6.93,0.4,465,930,0.05,97,,,,,
Balu,SW7.5,Demra,1/2/2013,27.00,6.57,8.86,0.2,258,515,0.27,77.5,,,,,
Lakhya,SW180,Narayanganj,1/2/2013,27.06,6.91,7.93,0.2,296,592,0.02,97.5,,,,,
Buriganga,SW42,Dhaka_Mill Barrack,1/1/2013,27.00,6.91,7.04,0.3,342,683,0.02,95,,,,,
Tongi Khal,SW299,Tongi,1/1/2013,27.70,7.32,8.46,0.3,373,746,0.03,145,,,,,
Balu,SW7.5,Demra,12/3/2012,27.00,6.94,8.09,0.1,157.3,315,0.03,36,,,,,
Buriganga,SW42,Dhaka_Mill Barrack,12/2/2012,27.00,6.61,8.8,0.2,227,453,0.01,41.5,,,,,
Buriganga,SW42,Dhaka_Mill Barrack,12/2/2012,27.00,6.61,8.8,0.2,227,453,0.01,41.5,,,,,
Lakhya,SW180,Narayanganj,12/2/2012,27.06,6.72,8.74,0.2,228,456,0.03,44,,,,,
Tongi Khal,SW299,Tongi,12/2/2012,27.70,6.87,7.76,0.2,271,541,0.03,55,,,,,
Buriganga,SW42,Dhaka_Mill Barrack,11/4/2012,27.00,7.02,8.98,0,129.5,259,0.04,30,,,,,
Lakhya,SW180,Narayanganj,11/4/2012,27.06,6.8,8.66,0.1,135.2,270,0.06,28.5,,,,,
Tongi Khal,SW299,Tongi,11/4/2012,27.70,6.99,8.48,30,122.2,244,0.03,27.5,,,,,
Balu,SW7.5,Demra,11/2/2012,27.00,6.57,8.15,0.1,140.1,281,0.03,34.5,,,,,
Balu,SW7.5,Demra,10/1/2012,27.00,6.35,7.88,0,98.7,197.5,0.02,23.5,,,,,
Buriganga,SW42,Dhaka_Mill Barrack,10/1/2012,27.00,6.56,7.85,0,78.6,157.2,0.03,11.2,,,,,
Tongi Khal,SW299,Tongi,10/1/2012,27.70,6.59,8.68,0,78.1,156.2,0.02,14.5,,,,,
Lakhya,SW180,Narayanganj,10/1/2012,27.06,6.56,7.25,0,74.5,149.1,0.13,17.25,,,,,
Balu,SW7.5,Demra,9/4/2012,27.00,7.32,6.02,0,93.4,186.9,0.03,32,,,,,
Buriganga,SW42,Dhaka_Mill Barrack,9/3/2012,27.00,6.63,7.59,0,82,163.9,0.03,38.5,,,,,
Lakhya,SW180,Narayanganj,9/2/2012,27.06,6.74,6.96,0,66.3,132.8,0.15,20,,,,,
Tongi Khal,SW299,Tongi,9/1/2012,27.70,6.65,6.11,0,74.3,148.6,0.12,38.5,,,,,
Buriganga,SW42,Dhaka_Mill Barrack,8/4/2012,27.00,7.29,8.24,0,84.2,168.4,0.03,11.75,,,,,
Balu,SW7.5,Demra,8/2/2012,27.00,7.37,101.3,0,107.1,214,0.02,48,,,,,
Tongi Khal,SW299,Tongi,8/1/2012,27.70,7.35,101.7,0,71.6,143,0.02,50.25,,,,,
Balu,SW7.5,Demra,7/2/2012,27.00,7.86,109.8,0,103.8,208,0.01,52.25,,,,,
Lakhya,SW180,Narayanganj,7/2/2012,27.06,7.5,103.9,0,69.7,139.1,0.03,50.75,,,,,
Buriganga,SW42,Dhaka_Mill Barrack,7/1/2012,27.00,7.22,99.6,0.1,164.4,329,0,73,,,,,
Balu,SW7.5,Demra,6/4/2012,27.00,6.7,61.2,0.4,418,834,0,0,,,,,
Balu,SW7.5,Demra,6/4/2012,27.00,6.71,0.2,0.2,253,506,0.03,48,,,,,
Buriganga,SW42,Dhaka_Mill Barrack,6/3/2012,27.00,7.05,89.7,0.3,328,656,0,0,,,,,
Lakhya,SW180,Narayanganj,6/3/2012,27.06,6.9,83.7,0.02,285,570,0,0,,,,,
Tongi Khal,SW299,Tongi,6/3/2012,27.70,6.5,7.8,0.4,469,942,0,0,,,,,
Balu,SW7.5,Demra,5/3/2012,27.00,7.12,11.52,0.4,447,894,0.06,143,,,,,
Tongi Khal,SW299,Tongi,5/2/2012,27.70,7.34,16.25,0.4,454,908,0.01,147,,,,,
Lakhya,SW180,Narayanganj,5/2/2012,27.06,7.09,12.82,0.4,440,880,0.01,179,,,,,
Buriganga,SW42,Dhaka_Mill Barrack,5/1/2012,27.00,7.19,15.01,0.4,438,876,0.04,158,,,,,
Balu,SW7.5,Demra,4/2/2012,27.00,6.87,0.07,0.5,516,1049,0,0,,,,,
Buriganga,SW42,Dhaka_Mill Barrack,4/1/2012,27.00,7.68,0.2,0.5,501,100,0.02,171,,,,,
Tongi Khal,SW299,Tongi,4/1/2012,27.70,6.82,0.03,0.4,391,799,0.04,130,,,,,
Lakhya,SW180,Narayanganj,4/1/2012,27.06,7.36,0,0.3,372,7.63,0.03,150,,,,,
Balu,SW7.5,Demra,2/6/2012,27.00,7.2,7.2,0.3,390,782,0.29,72,,,,,
Buriganga,SW42,Dhaka_Mill Barrack,2/1/2012,27.00,7.3,7,0.4,460,919,0.05,44,,,,,
Lakhya,SW180,Narayanganj,2/1/2012,27.06,8,7,0.3,359,726,0.05,62,,,,,
Tongi Khal,SW299,Tongi,2/1/2012,27.70,7.6,6.6,0.4,403,805,0.05,71,,,,,
Buriganga,SW42,Dhaka_Mill Barrack,1/1/2012,27.00,7.2,6.8,0.4,402,804,0.05,24,,,,,
Balu,SW7.5,Demra,1/1/2012,27.00,7.5,6.5,0.4,424,848,0.29,14,,,,,
Lakhya,SW180,Narayanganj,1/1/2012,27.06,7.4,6.3,0.2,271,542,0.05,10,,,,,
Tongi Khal,SW299,Tongi,1/1/2012,27.70,7.4,6.3,0.3,351,703,0.05,13,,,,,
Balu,SW7.5,Demra,12/5/2011,27.00,6.9,6.4,0.2,240,479,0.29,12,,,,,
Buriganga,SW42,Dhaka_Mill Barrack,12/1/2011,27.00,7.1,6.9,0.3,318,635,0.05,25,,,,,
Lakhya,SW180,Narayanganj,12/1/2011,27.06,7.3,7.1,0.2,232,463,0.05,14,,,,,
Tongi Khal,SW299,Tongi,12/1/2011,27.70,7.2,7,0.3,319,638,0.05,16,,,,,
Balu,SW7.5,Demra,11/4/2011,27.00,7.4,7,0.1,162,324,0.29,14,,,,,
Buriganga,SW42,Dhaka_Mill Barrack,11/1/2011,27.00,7.3,6.4,0.1,178,357,0.05,27,,,,,
Tongi Khal,SW299,Tongi,11/1/2011,27.70,7.6,7.1,0.5,488,977,0.05,77,,,,,
Lakhya,SW180,Narayanganj,11/1/2011,27.06,7.4,6.5,0.1,154,309,0.05,18,,,,,
Balu,SW7.5,Demra,10/4/2011,27.00,7.5,6.7,0,90,180,0.29,27,,,,,
Buriganga,SW42,Dhaka_Mill Barrack,10/2/2011,27.00,7.3,6.8,0,112,224,0.05,30,,,,,
Lakhya,SW180,Narayanganj,10/2/2011,27.06,7.5,7.3,0,79,157,0.05,32,,,,,
Tongi Khal,SW299,Tongi,10/1/2011,27.70,7.5,7.1,0,73,146,0.05,26,,,,,
Buriganga,SW42,Dhaka_Mill Barrack,9/6/2011,27.00,7.4,7.9,0,67,135,0.05,21,,,,,
Lakhya,SW180,Narayanganj,9/5/2011,27.06,7.6,8.2,0,64,127,0.05,30,,,,,
Tongi Khal,SW299,Tongi,9/4/2011,27.70,7.4,7.7,0,60,121,0.05,22,,,,,
Balu,SW7.5,Demra,9/3/2011,27.00,7.4,7.7,0,100,201,0.05,29,,,,,
Balu,SW7.5,Demra,8/2/2011,27.00,7.6,8,0,112,224,0.05,37,,,,,
Buriganga,SW42,Dhaka_Mill Barrack,8/1/2011,27.00,7.6,8.4,0.1,130,261,0.05,25,,,,,
Lakhya,SW180,Narayanganj,8/1/2011,27.06,8.3,8.5,0,78,156,0.05,24,,,,,
Tongi Khal,SW299,Tongi,8/1/2011,27.70,8,7.9,0,73,147,0.05,22,,,,,
Buriganga,SW42,Dhaka_Mill Barrack,7/4/2011,27.00,7.6,9.2,0.1,131,262,0.44,65,,,,,
Balu,SW7.5,Demra,7/4/2011,27.00,7.2,7.8,0,51,102,0.05,69,,,,,
Tongi Khal,SW299,Tongi,7/3/2011,27.70,7.5,8.9,0,60,120,0.24,30,,,,,
Lakhya,SW180,Narayanganj,7/3/2011,27.06,7.6,8.6,0,87,174,0.05,29,,,,,
Lakhya,SW180,Narayanganj,4/4/2011,27.06,7.1,6.3,0.2,288,577,0.14,25,,,,,
Balu,SW7.5,Demra,4/3/2011,27.00,6.8,4.5,0.4,593,789,0.32,16,,,,,
Balu,SW7.5,Demra,4/3/2011,27.00,6.8,4.5,0.4,393,789,0.32,16,,,,,
Buriganga,SW42,Dhaka_Mill Barrack,4/3/2011,27.00,6.8,2.6,0.6,598,1199,0.05,26,,,,,
Tongi Khal,SW299,Tongi,4/1/2011,27.70,6.6,2.4,0.5,555,1114,0.2,30,,,,,
Tongi Khal,SW299,Tongi,4/1/2011,27.70,6.6,2.4,0.27,555,1114,0.2,30,,,,,
Balu,SW7.5,Demra,3/3/2011,27.00,7.4,3.2,0.5,518,1031,0.21,23,,,,,
Buriganga,SW42,Dhaka_Mill Barrack,3/1/2011,27.00,7.3,2.6,0.4,390,781,0.05,18,,,,,
Lakhya,SW180,Narayanganj,3/1/2011,27.06,7.6,3.7,0.3,379,758,0.25,30,,,,,
Tongi Khal,SW299,Tongi,3/1/2011,27.70,7.4,2.25,0.4,445,891,0.31,27,,,,,
Balu,SW7.5,Demra,2/1/2011,27.00,7.4,3,0.5,518,1031,0.3,21,,,,,
Buriganga,SW42,Dhaka_Mill Barrack,2/1/2011,27.00,7.2,2,0.3,389,780,0.05,20,,,,,
Lakhya,SW180,Narayanganj,2/1/2011,27.06,7.6,4,0.3,379,758,0.2,32,,,,,
Tongi Khal,SW299,Tongi,2/1/2011,27.70,7.4,2.2,0.4,445,891,0.2,30,,,,,
Buriganga,SW42,Dhaka_Mill Barrack,6/3/2010,27.00,7.19,1.58,0.2,260,520,0.53,51,,,,,
Tongi Khal,SW299,Tongi,6/2/2010,27.70,7.85,3.06,0.1,160,493.64,0.05,34,,,,,
Balu,SW7.5,Demra,6/1/2010,27.00,7.3,1.99,0.3,297,594,0.13,77,,,,,
Lakhya,SW180,Narayanganj,6/1/2010,27.06,7.12,2.92,0,74,148,0.16,13,,,,,
Buriganga,SW42,Dhaka_Mill Barrack,5/2/2010,27.00,7.06,7.05,0.1,144,287,0.05,30,,,,,
Lakhya,SW180,Narayanganj,5/2/2010,27.06,7.1,6.98,0,143,286,0.08,29,,,,,
Tongi Khal,SW299,Tongi,5/2/2010,27.70,6.96,5.21,0.4,427,854,0.05,11,,,,,
Balu,SW7.5,Demra,5/1/2010,27.00,7.69,2.34,0.2,290,579,0.1,7.5,,,,,
Buriganga,SW42,Dhaka_Mill Barrack,4/1/2010,27.00,7.3,7.09,0.4,396,792,0.1,99,,,,,
Balu,SW7.5,Demra,4/1/2010,27.00,6.83,6.27,0.3,321,642,0.17,8,,,,,
Lakhya,SW180,Narayanganj,4/1/2010,27.06,7.25,7.03,0.1,143,287,0.15,143,,,,,
Tongi Khal,SW299,Tongi,4/1/2010,27.70,7.08,4.18,0.5,533,1066,0.28,129,,,,,
Tongi Khal,SW299,Tongi,3/4/2010,27.70,7.2,1.23,0.4,474,948,0.05,59,,,,,
Lakhya,SW180,Narayanganj,3/4/2010,27.06,6.9,0.81,0.2,247,495,0.06,50,,,,,
Balu,SW7.5,Demra,3/3/2010,27.00,7.8,4.21,0.3,390,780,0.05,72,,,,,
Balu,SW7.5,Demra,3/3/2010,27.00,7.8,4.21,0.3,390,780,0.05,72,,,,,
Buriganga,SW42,Dhaka_Mill Barrack,3/1/2010,27.00,7.3,0.95,0.5,539,1086,0.05,102,,,,,
Balu,SW7.5,Demra,2/4/2010,27.00,7,2.18,0.3,326,652,0.06,76,,,,,
Balu,SW7.5,Demra,2/4/2010,27.00,7,2.18,0.3,326,652,0.06,76,,,,,
Buriganga,SW42,Dhaka_Mill Barrack,2/4/2010,27.00,7,1.59,0.4,431,862,0.32,48,,,,,
Tongi Khal,SW299,Tongi,2/4/2010,27.70,6.7,1.95,0.4,355,710,0.05,85,,,,,
Lakhya,SW180,Narayanganj,2/4/2010,27.06,8,1.8,0.1,200,401,0.05,54,,,,,
Buriganga,SW42,Dhaka_Mill Barrack,1/5/2010,27.00,7.3,1.08,0.5,504,1008,0.05,15,,,,,
Lakhya,SW180,Narayanganj,1/5/2010,27.06,7,3.77,0.1,176,352,0.05,50,,,,,
Tongi Khal,SW299,Tongi,1/5/2010,27.70,7,1.21,0.4,421,842,0.12,105,,,,,
Balu,SW7.5,Demra,1/4/2010,27.00,7.3,1.51,0.3,342,683,0.09,70,,,,,
Buriganga,SW42,Dhaka_Mill Barrack,12/6/2009,27.00,6.8,1.14,0.4,415,830,0.91,78,,,,,
Balu,SW7.5,Demra,12/5/2009,27.00,6.4,3.78,0.2,238,475,0.96,45,,,,,
Lakhya,SW180,Narayanganj,12/5/2009,27.06,6.7,0.69,0.2,236,471,0.96,41,,,,,
Tongi Khal,SW299,Tongi,12/4/2009,27.70,7.6,6.33,0.2,270,540,0.88,75,,,,,
Buriganga,SW42,Dhaka_Mill Barrack,11/5/2009,27.00,7.5,6.98,0.1,171.2,342,0.57,50,,,,,
Balu,SW7.5,Demra,11/5/2009,27.00,6.7,0.76,0.3,386,772,0.86,70,,,,,
Lakhya,SW180,Narayanganj,11/5/2009,27.06,6.6,0.65,0.2,226,453,0.64,36,,,,,
Tongi Khal,SW299,Tongi,11/4/2009,27.70,7.7,6.62,0.4,408,816,0.63,105,,,,,
Buriganga,SW42,Dhaka_Mill Barrack,10/8/2009,27.00,7.5,6.22,0.1,170,340,0.14,50,,,,,
Tongi Khal,SW299,Tongi,10/7/2009,27.70,7.6,6.38,0.2,270,541,0.18,65,,,,,
Balu,SW7.5,Demra,10/5/2009,27.00,6.8,4.45,0.4,394,789,0.48,80,,,,,
Lakhya,SW180,Narayanganj,10/5/2009,27.06,6.5,1.23,0.3,377,6754,0.52,74,,,,,
Dhaleswari,SW70,Kalatia_Outfall,6/2/2009,28,7.5,8.02,0.2,42,407,0.1,49,,,,,
Dhaleswari,SW69,Savar,6/2/2009,28,7.3,8,0.15,31,285.5,0.2,35,,,,,
Balu,SW7.5,Demra,6/1/2009,29,7.19,8.12,0.1,27,180,0.8,25,,,,,
Lakhya,SW180,Narayanganj,6/1/2009,29,7.2,8.2,0.1,41,448.8,0.1,30,,,,,
Lakhya,SW179,Demra,6/1/2009,29,7.9,8.1,0.1,226,448,0.8,14,,,,,
Dhaleswari,SW69,Savar,5/2/2009,31,7.3,8.08,0.6,32,285.5,0.26,35,,,,,
Dhaleswari,SW70,Kalatia_Outfall,5/2/2009,31,7.6,8,0.2,31,407,0.1,49,,,,,
Tongi Khal,SW299,Tongi,5/2/2009,31,7.8,8.25,0.4,38,390,0.55,22,,,,,
Buriganga,SW42,Dhaka_Mill Barrack,5/1/2009,26,7.3,8.22,0.2,45,450,0.8,43,,,,,
Balu,SW7.5,Demra,5/1/2009,26,7.15,8.13,0.3,27,180,1,25,,,,,
Lakhya,SW180,Narayanganj,5/1/2009,28,7.6,8.15,0.14,41,440,0.1,30,,,,,
Lakhya,SW179,Demra,5/1/2009,27.06,7.19,8.07,0.16,170.47,421.97,0.72,,,,,,
Dhaleswari,SW70,Kalatia_Outfall,4/2/2009,30,7.8,8.1,0.2,32,407,0.1,49,,,,,
Dhaleswari,SW69,Savar,4/2/2009,30,7.3,8.1,0.5,31,285.5,0.28,25,,,,,
Buriganga,SW42,Dhaka_Mill Barrack,4/1/2009,28,7.2,8.25,0.3,45,450,0.9,42,,,,,
Balu,SW7.5,Demra,4/1/2009,28,7.16,8.16,0.35,25,180,1.41,24,,,,,
Lakhya,SW180,Narayanganj,4/1/2009,27,7.5,8.13,0.15,220,444,0.12,30,,,,,
Lakhya,SW179,Demra,4/1/2009,27,7.6,8.12,0.15,34.8,58,1.41,16,,,,,
Dhaleswari,SW69,Savar,3/2/2009,30,7.3,8.08,0.5,31,285.5,0.28,15,,,,,
Dhaleswari,SW70,Kalatia_Outfall,3/2/2009,30,7.5,8.02,0.1,35,407,0.1,45,,,,,
Tongi Khal,SW299,Tongi,3/2/2009,30,7.5,8.3,0.5,35,385,0.65,25,,,,,
Balu,SW7.5,Demra,3/1/2009,29,7.1,8.17,0.4,27,180,0.46,23,,,,,
Buriganga,SW42,Dhaka_Mill Barrack,3/1/2009,29,7.5,8.1,0.5,44,460,1,40,,,,,
Lakhya,SW180,Narayanganj,3/1/2009,30,7.4,8.15,0.15,223,442,0.12,30,,,,,
Lakhya,SW179,Demra,3/1/2009,30,8,8.12,0.2,19,65,0.6,14,,,,,
Dhaleswari,SW69,Savar,2/2/2009,29,7.3,8.1,1.4,31,285.6,0.2,35,,,,,
Dhaleswari,SW70,Kalatia_Outfall,2/2/2009,29,7.6,8,0.1,31,407,0.15,20,,,,,
Tongi Khal,SW299,Tongi,2/2/2009,29,7.1,8.2,1.4,39,390,0.65,20,,,,,
Buriganga,SW42,Dhaka_Mill Barrack,2/1/2009,30,7.5,8.3,1.4,43,460,1,45,,,,,
Balu,SW7.5,Demra,2/1/2009,30,7.2,8.15,0.9,28,180,0.6,25,,,,,
Lakhya,SW180,Narayanganj,2/1/2009,30.5,7.5,8.1,0.1,222,448.8,0.15,30,,,,,
Lakhya,SW179,Demra,2/1/2009,30.4,7.95,6.9,0.2,19,55,0.6,14,,,,,
Dhaleswari,SW69,Savar,1/2/2009,29,7.3,8.1,1.4,31,286,0.2,35,,,,,
Dhaleswari,SW70,Kalatia_Outfall,1/2/2009,29,7.7,8,0.1,32,308,0.2,25,,,,,
Tongi Khal,SW299,Tongi,1/2/2009,29,7.1,8.21,1.4,38,390,0.65,20,,,,,
Buriganga,SW42,Dhaka_Mill Barrack,1/1/2009,30,7.3,8.2,1,43,440,1,45,,,,,
Balu,SW7.5,Demra,1/1/2009,30,7.1,8.15,0.9,26,180,0.6,25,,,,,
Lakhya,SW180,Narayanganj,1/1/2009,30,7.2,8.13,0.2,224,448,0.14,30,,,,,
Lakhya,SW179,Demra,1/1/2009,30,7.9,6.9,0.3,34,68,0.6,14,,,,,
Buriganga,SW42,Dhaka_Mill Barrack,12/18/2008,30,7.2,8.2,1.3,42,440,0.75,45,,,,,
Buriganga,SW42,Dhaka_Mill Barrack,11/8/2008,23,7.9,0.06,0.6,485,976,0.96,160,,,,,
Tongi Khal,SW299,Tongi,11/1/2008,24,7.9,0.05,0.3,320,670,1.3,100,,,,,
Dhaleswari,SW70,Kalatia_Outfall,8/18/2008,31,7.8,0.07,0.05,420,900,1.08,22,,,,,
Buriganga,SW42,Dhaka_Mill Barrack,6/18/2008,27,7.5,0.07,0.44,550,991,0.9,160,,,,,
Dhaleswari,SW70,Kalatia_Outfall,6/18/2008,32,9.4,0.06,0.02,260,560,1.07,28,,,,,
Lakhya,SW180,Narayanganj,6/18/2008,30,7.6,0.12,0.2,382,550,1.2,82,,,,,
Balu,SW7.5,Demra,6/17/2008,28,7.5,0.07,0.2,302,612,1.14,110,,,,,
Dhaleswari,SW69,Savar,6/12/2008,30,8.7,0.66,0.04,492,1000,0.98,112,,,,,
Lakhya,SW179,Demra,6/3/2008,29,7.5,0.1,0.06,300,600,1.2,70,,,,,
Tongi Khal,SW299,Tongi,6/1/2008,28,8.6,0.11,0.3,40,800,1.11,100,,,,,
Tongi Khal,SW299,Tongi,5/23/2008,29,8.9,0.1,0.3,445,805,1.1,100,,,,,
Buriganga,SW42,Dhaka_Mill Barrack,5/18/2008,31,735,0.07,0.45,530,990,0.92,140,,,,,
Dhaleswari,SW70,Kalatia_Outfall,5/18/2008,32,9.5,0.07,0.03,250,500,1.08,40,,,,,
Dhaleswari,SW69,Savar,5/18/2008,29,8.7,0.06,0.04,508,1015,1.02,121,,,,,
Lakhya,SW180,Narayanganj,5/18/2008,30,7.3,0.1,0.2,375,560,1.21,80,,,,,
Balu,SW7.5,Demra,5/17/2008,32,7.7,0.08,0.28,312,660,1.13,100,,,,,
Lakhya,SW179,Demra,5/3/2008,29,7.5,0.08,0.05,300,600,1.2,70,,,,,
Tongi Khal,SW299,Tongi,4/23/2008,32.5,8.5,0.06,0.4,443,880,1.12,100,,,,,
Buriganga,SW42,Dhaka_Mill Barrack,4/18/2008,31,7.3,0.07,0.45,537,994,0.97,140,,,,,
Dhaleswari,SW69,Savar,4/18/2008,36,9.1,0.07,0.05,239,1085,0.92,130,,,,,
Dhaleswari,SW70,Kalatia_Outfall,4/18/2008,32,9.4,0.07,0.02,239,452,1.09,50,,,,,
Lakhya,SW180,Narayanganj,4/18/2008,28,7.4,0.07,0.2,380,569,1.13,80,,,,,
Balu,SW7.5,Demra,4/17/2008,32,8.1,0.07,0.3,417,775,1.13,100,,,,,
Lakhya,SW179,Demra,4/17/2008,32,7.6,0.07,0.04,352,653,1.41,75,,,,,
Dhaleswari,SW70,Kalatia_Outfall,3/18/2008,24,8.8,0.07,0.02,257,513,1.15,30,,,,,
Dhaleswari,SW69,Savar,3/18/2008,23,8.9,0.06,0.4,476,952,1.2,98,,,,,
Lakhya,SW180,Narayanganj,3/18/2008,30,7.7,0.08,0.3,316,770,1.21,95,,,,,
Buriganga,SW42,Dhaka_Mill Barrack,3/8/2008,26,7.9,0.07,0.4,242,484,0.95,150,,,,,
Balu,SW7.5,Demra,3/3/2008,26,7.7,0.07,0.3,347,698,1.12,100,,,,,
Lakhya,SW179,Demra,3/3/2008,26,7.9,0.05,0.03,340,680,1.32,75,,,,,
Tongi Khal,SW299,Tongi,3/1/2008,26,6.8,0.04,0.3,387,774,1.3,100,,,,,
Dhaleswari,SW70,Kalatia_Outfall,2/18/2008,22,8,0.06,0.07,851,1702,1.3,1.3,,,,,
Lakhya,SW180,Narayanganj,2/18/2008,22,7.6,0.06,0.4,366,650,1.2,86,,,,,
Dhaleswari,SW69,Savar,2/16/2008,22,0.8,0.07,0.6,620,1239,1.12,60,,,,,
Buriganga,SW42,Dhaka_Mill Barrack,2/8/2008,22,7.8,0.07,0.5,484,969,0.93,160,,,,,
Balu,SW7.5,Demra,2/3/2008,21,8.2,0.06,0.1,178,657,1.1,120,,,,,
Lakhya,SW179,Demra,2/3/2008,22,8,0.02,0.06,620,1239,1.4,60,,,,,
Tongi Khal,SW299,Tongi,2/1/2008,22,7.9,0.02,0.2,3.25,6.46,1.4,75,,,,,
Dhaleswari,SW70,Kalatia_Outfall,11/18/2007,26,7.8,0.07,0.06,6400,1400,1.12,25,,,,,
Lakhya,SW180,Narayanganj,11/18/2007,26,7.5,0.06,0.2,345,600,1.1,80,,,,,
Dhaleswari,SW69,Savar,11/16/2007,26,8,0.07,0.06,600,1250,1,70,,,,,
Balu,SW7.5,Demra,11/3/2007,21,7.2,0.08,0.12,178,660,1.1,120,,,,,
Lakhya,SW179,Demra,11/3/2007,24,7,0.05,0.02,500,1100,1.3,60,,,,,
Lakhya,SW180,Narayanganj,8/18/2007,32,7.5,0.07,0.3,300,690,1.13,80,,,,,
Dhaleswari,SW69,Savar,8/16/2007,31,8,0.07,0.05,560,1200,0.98,80,,,,,
Buriganga,SW42,Dhaka_Mill Barrack,8/8/2007,32,8,0.06,0.5,480,1000,0.9,150,,,,,
Balu,SW7.5,Demra,8/3/2007,32,8.2,0.07,0.1,329,666,1.1,120,,,,,
Lakhya,SW179,Demra,8/3/2007,32,7,0.06,0.03,350,840,1.12,50,,,,,
Tongi Khal,SW299,Tongi,8/1/2007,32,7.8,0.06,0.2,3.25,700,1.12,98,,,,,
Dhaleswari,SW69,Savar,6/16/2007,25,8.1,6.24,0.01,520,1150,0,50,,,,,
Buriganga,SW42,Dhaka_Mill Barrack,6/8/2007,25.4,7.6,6.67,0.1,423,836,0,101,,,,,
Balu,SW7.5,Demra,6/3/2007,22,7.8,6.7,0.1,67,520,0,70,,,,,
Lakhya,SW179,Demra,6/3/2007,24.1,7.7,6.9,0.1,72,587,0,74,,,,,
Tongi Khal,SW299,Tongi,6/1/2007,26.1,7.5,6.12,0.01,386,806,0,50.40,,,,,
Dhaleswari,SW69,Savar,5/16/2007,25,8.1,6.24,0.02,522,1161,0,137,,,,,
Buriganga,SW42,Dhaka_Mill Barrack,5/8/2007,25,7.6,6.68,0.1,423,8.36,0,101,,,,,
Balu,SW7.5,Demra,5/3/2007,20,7.8,6.72,0.1,68,518,0,70,,,,,
Lakhya,SW179,Demra,5/3/2007,24.1,7.8,7.1,0.1,72,587,0,75,,,,,
Tongi Khal,SW299,Tongi,5/1/2007,26,7.6,6.12,0.01,363,725,0,50.40,,,,,
Dhaleswari,SW69,Savar,4/16/2007,26,8,6.45,0.01,405,900,0,130,,,,,
Buriganga,SW42,Dhaka_Mill Barrack,4/8/2007,24,7.6,6.7,0.2,381,769,0,102,,,,,
Balu,SW7.5,Demra,4/3/2007,26,7.53,6.52,0.01,68,515,0,76,,,,,
Lakhya,SW179,Demra,4/3/2007,24,7.8,6.2,0.09,72,590,0,75,,,,,
Tongi Khal,SW299,Tongi,4/1/2007,26,7.6,6.12,0.01,363,725,0,50.40,,,,,
Dhaleswari,SW69,Savar,3/16/2007,25,8,6.85,0.3,315,700,0,90,,,,,
Buriganga,SW42,Dhaka_Mill Barrack,3/8/2007,22,7.4,7,0.2,380,760,0,103,,,,,
Balu,SW7.5,Demra,3/3/2007,25,7.5,6.42,0.01,67,500,0,82,,,,,
Tongi Khal,SW299,Tongi,3/1/2007,28,7.7,6.13,0.01,350,730,0,50.40,,,,,
Dhaleswari,SW69,Savar,2/16/2007,26,7.8,6.85,0.3,305,675,0,45,,,,,
Buriganga,SW42,Dhaka_Mill Barrack,2/8/2007,23,7.2,7,0.2,378,750,0,102,,,,,
Balu,SW7.5,Demra,2/3/2007,26,7.5,6.42,0.01,68,500,0,83,,,,,
Lakhya,SW179,Demra,2/3/2007,25,7.8,6.8,0.3,72,600,0,93,,,,,
Tongi Khal,SW299,Tongi,2/1/2007,27,7.9,6.14,0.02,330,700,0,50.40,,,,,
Dhaleswari,SW69,Savar,1/16/2007,25,7.8,6.85,0.3,315,685,0,45,,,,,
Buriganga,SW42,Dhaka_Mill Barrack,1/8/2007,25,7.2,7.01,0.3,377,746,0,103,,,,,
Balu,SW7.5,Demra,1/3/2007,26,7.6,6.49,0.02,69,501,0,83,,,,,
Lakhya,SW179,Demra,1/3/2007,25,7.7,6.8,0.03,73,614,0,90,,,,,
Tongi Khal,SW299,Tongi,1/1/2007,26,7.8,6.15,0.3,332,714,0,50.40,,,,,
Dhaleswari,SW69,Savar,12/16/2006,26,7.8,6.85,0.1,215,456,0,35,,,,,
Buriganga,SW42,Dhaka_Mill Barrack,12/8/2006,26,7.4,6.4,0,273,546,0,100,,,,,
Balu,SW7.5,Demra,12/3/2006,25,7.5,6.5,0,170,350,0,18,,,,,
Lakhya,SW179,Demra,12/3/2006,25,7.7,6.58,0.01,75,465,0,95,,,,,
Tongi Khal,SW299,Tongi,12/1/2006,26,7.8,6.2,0.01,92,192,0,50.40,,,,,
Dhaleswari,SW69,Savar,11/16/2006,25,8.2,6.75,0.1,75,157,0,13,,,,,
Buriganga,SW42,Dhaka_Mill Barrack,11/8/2006,27,7.5,6.4,0,77,153,0,12,,,,,
Balu,SW7.5,Demra,11/3/2006,26,7.9,6.5,0,70,150,0,19,,,,,
Lakhya,SW179,Demra,11/3/2006,24.9,7.8,6.6,0,75,162,0,29,,,,,
Tongi Khal,SW299,Tongi,11/1/2006,26,7.8,6.1,0,61,133,0,50.40,,,,,
Dhaleswari,SW69,Savar,10/16/2006,25,8.2,6.76,0,75,157,0,13,,,,,
Buriganga,SW42,Dhaka_Mill Barrack,10/8/2006,26,7.8,6.5,0,77,152,0,12,,,,,
Balu,SW7.5,Demra,10/3/2006,25,7.9,6.5,0,71,150,0,18,,,,,
Lakhya,SW179,Demra,10/3/2006,25.5,8,6.61,0,76,160,0,21,,,,,
Tongi Khal,SW299,Tongi,10/1/2006,26.1,7.9,6.2,0,63,132,0,50.40,,,,,
Dhaleswari,SW69,Savar,9/16/2006,25,8.1,6.76,0,65,137,0,15,,,,,
Buriganga,SW42,Dhaka_Mill Barrack,9/8/2006,25.2,8,6.35,0,63,133,0,16,,,,,
Balu,SW7.5,Demra,9/3/2006,26,8,6.4,0,85,170,0,20,,,,,
Lakhya,SW179,Demra,9/3/2006,25.4,7.9,6.62,0,64,144,1,19,,,,,
Tongi Khal,SW299,Tongi,9/1/2006,25.5,7.25,6.19,0,63,125,1,50.40,,,,,
Dhaleswari,SW69,Savar,8/16/2006,25,8.1,6.76,0,59,124,0,15,,,,,
Buriganga,SW42,Dhaka_Mill Barrack,8/8/2006,25.2,8.1,6.37,0,63,132,0,16,,,,,
Balu,SW7.5,Demra,8/3/2006,24.4,8,6.39,0,85,177,0,22,,,,,
Lakhya,SW179,Demra,8/3/2006,25.3,7.9,6.64,0,65,136,1,17,,,,,
Tongi Khal,SW299,Tongi,8/1/2006,25.4,7.3,5.18,0,62,130,1,50.40,,,,,
Dhaleswari,SW69,Savar,7/16/2006,25,8.1,7.3,0,50,124,0,15,,,,,
Buriganga,SW42,Dhaka_Mill Barrack,7/8/2006,30,7.86,5.8,0,88,160,0,16,,,,,
Balu,SW7.5,Demra,7/3/2006,25,8,5,0.01,85,200,0,20,,,,,
Lakhya,SW179,Demra,7/3/2006,28.3,7.77,3,0.05,13,289,0,17,,,,,
Tongi Khal,SW299,Tongi,7/1/2006,26,7.2,6,0,61,125,1,50.40,,,,,
Buriganga,SW42,Dhaka_Mill Barrack,6/8/2006,30.48,7.86,5.78,0.1,110,172.15,0,15,,,,,
Balu,SW7.5,Demra,6/3/2006,27.8,8.2,4.5,0.05,100,200,0,10,,,,,
Lakhya,SW179,Demra,6/3/2006,28.4,7.79,3,0.05,145,290,0,,,,,,
Tongi Khal,SW299,Tongi,6/1/2006,31.25,7.3,6.8,0.01,62,805,0.49,50.40,,,,,
Buriganga,SW42,Dhaka_Mill Barrack,6/1/2005,31.5,7.2,4.85,0.35,0.11,175.5,0.29,49.43,,,,,
Lakhya,SW179,Demra,6/1/2005,30.5,6.92,4.5,0.62,0.28,205.2,0.72,,,,,,
Buriganga,SW42,Dhaka_Mill Barrack,5/1/2005,30.8,6.85,4.52,0.48,0.1,165.2,0.29,49.43,,,,,
Lakhya,SW179,Demra,5/1/2005,29.2,6.2,3.85,0.48,0.25,215.2,0.72,,,,,,
Buriganga,SW42,Dhaka_Mill Barrack,4/9/2005,29.32,6.3,4.12,0.42,0.08,168.3,0.29,49.43,,,,,
Lakhya,SW179,Demra,4/9/2005,28.96,5.18,3.24,0.39,0.25,204.3,0.72,,,,,,
Buriganga,SW42,Dhaka_Mill Barrack,3/5/2005,28.59,5.57,3.57,0.39,0.49,213.2,0.29,49.43,,,,,
Lakhya,SW179,Demra,3/5/2005,27.9,4.38,3.17,0.28,0.36,223.9,0.72,,,,,,
Lakhya,SW179,Demra,2/3/2005,27.06,7.19,4.71,1.73,237.02,421.97,0.72,,,,,,
Lakhya,SW179,Demra,2/2/2005,20.88,6.3,1.39,0.2,0.25,198,0.72,,,,,,
Buriganga,SW42,Dhaka_Mill Barrack,2/1/2005,20.89,6.29,1.98,0.33,0.41,194.2,0.29,49.43,,,,,
Buriganga,SW42,Dhaka_Mill Barrack,1/10/2005,20.34,7.38,1.74,0.29,0.37,154.4,0.29,49.43,,,,,
Lakhya,SW179,Demra,1/5/2005,20.27,6.8,1.1,0.04,0.07,109.6,0.72,,,,,,
Buriganga,SW42,Dhaka_Mill Barrack,12/10/2004,17.15,7.03,1.63,0.14,0.17,258.8,0.29,49.43,,,,,
Lakhya,SW179,Demra,12/10/2004,19.7,8.04,4.01,0.09,0.14,217.4,0.72,,,,,,
Buriganga,SW42,Dhaka_Mill Barrack,11/10/2004,25.49,7.46,3.95,0.11,0.13,209.41,0.29,49.43,,,,,
Lakhya,SW179,Demra,11/10/2004,26.28,7.83,4.93,0.08,0.07,116.3,0.72,,,,,,
Lakhya,SW179,Demra,10/11/2004,28.98,7.21,6.19,0.07,0.08,123.5,0.72,,,,,,
Buriganga,SW42,Dhaka_Mill Barrack,10/4/2004,29.51,8.01,2.89,0.06,0.1,160.53,0.29,49.43,,,,,
Buriganga,SW42,Dhaka_Mill Barrack,9/12/2004,30.54,8.21,4.01,0.05,0.09,135.95,0.29,49.43,,,,,
Lakhya,SW179,Demra,9/12/2004,28.91,7.61,6,0.08,0.08,125.6,0.72,,,,,,
Buriganga,SW42,Dhaka_Mill Barrack,8/10/2004,30.29,8.53,4.59,0.05,0.08,125.3,0.29,49.43,,,,,
Lakhya,SW179,Demra,8/10/2004,29.43,8.39,7,0.05,0.08,128.14,0.72,,,,,,
Buriganga,SW42,Dhaka_Mill Barrack,7/8/2004,30.48,7.73,3.45,0.06,0.1,149.45,0.29,49.43,,,,,
Lakhya,SW179,Demra,7/8/2004,29.24,7.51,6.39,0.06,0.07,103,0.72,,,,,,
Buriganga,SW42,Dhaka_Mill Barrack,6/9/2004,30.48,7.86,5.78,0.1,0.11,172.15,0.29,49.43,,,,,
Lakhya,SW179,Demra,6/9/2004,30.27,7.22,4.95,0.05,0.15,232,0.72,,,,,,
Buriganga,SW42,Dhaka_Mill Barrack,5/10/2004,31.49,8.08,4.23,0.1,0.12,189.25,0.29,49.43,,,,,
Lakhya,SW179,Demra,5/10/2004,29.98,7.04,4.23,0.05,0.15,232,0.72,,,,,,
Buriganga,SW42,Dhaka_Mill Barrack,4/12/2004,30.48,7.07,5.23,0.09,0.1,163,0.29,49.43,,,,,
Lakhya,SW179,Demra,4/11/2004,29.12,6.96,2.43,0.09,0.18,274,0.72,,,,,,
Buriganga,SW42,Dhaka_Mill Barrack,3/12/2004,29.19,6.88,4.91,0.14,0.16,252.61,0.29,49.43,,,,,
Lakhya,SW179,Demra,3/12/2004,29.16,6.9,3.89,0.11,0.18,277.6,0.72,,,,,,
Buriganga,SW42,Dhaka_Mill Barrack,2/10/2004,25.44,6.95,2.95,0.14,0.17,259.14,0.29,49.43,,,,,
Lakhya,SW179,Demra,2/10/2004,25.27,7.89,4.12,0.1,0.19,293,0.72,,,,,,
Buriganga,SW42,Dhaka_Mill Barrack,1/9/2004,14.23,7.22,3.54,1.15,0.19,291.41,0.29,49.43,,,,,
Lakhya,SW179,Demra,1/9/2004,20.47,8.36,6.38,0.09,0.21,327.7,0.72,,,,,,
Buriganga,SW42,Dhaka_Mill Barrack,12/10/2003,16.43,8.13,3.32,0.13,0.17,259.48,0.29,49.43,,,,,
Lakhya,SW179,Demra,12/10/2003,19.4,8.33,6.29,0.1,0.15,235,0.72,,,,,,
Buriganga,SW42,Dhaka_Mill Barrack,11/9/2003,20.51,8.53,3.98,0.13,0.17,264.45,0.29,49.43,,,,,
Lakhya,SW179,Demra,11/9/2003,26.4,7.62,5.31,0.08,0.07,113.1,0.72,,,,,,
Buriganga,SW42,Dhaka_Mill Barrack,10/10/2003,26.43,7.58,4.13,0.12,0.14,224,0.29,49.43,,,,,
Lakhya,SW179,Demra,10/10/2003,28.8,6.9,6.51,0.06,0.07,115.5,0.72,,,,,,
Buriganga,SW42,Dhaka_Mill Barrack,9/9/2003,29.39,7.09,3.31,0.1,0.11,176.09,0.29,49.43,,,,,
Lakhya,SW179,Demra,9/9/2003,29.39,6.93,4.31,0.05,0.1,155.89,0.72,,,,,,
Buriganga,SW42,Dhaka_Mill Barrack,8/10/2003,29.91,8.49,5,0.05,0.08,126.8,0.29,49.43,,,,,
Lakhya,SW179,Demra,8/10/2003,29.59,8.55,7.05,0.05,0.08,129.39,0.72,,,,,,
Buriganga,SW42,Dhaka_Mill Barrack,7/12/2003,30.45,8.59,2.99,0.1,0.11,175.98,0.29,49.43,,,,,
Lakhya,SW179,Demra,7/12/2003,29.24,7.5,5.14,0.05,0.06,99.4,0.72,,,,,,
Buriganga,SW42,Dhaka_Mill Barrack,6/10/2003,31.3,8.63,1.03,0.1,0.12,179.58,0.29,49.43,,,,,
Lakhya,SW179,Demra,6/10/2003,30.28,2.14,0.05,0.06,92.3,421.97,0.72,,,,,,
Buriganga,SW42,Dhaka_Mill Barrack,5/11/2003,29.4,8.52,0.91,0.11,0.13,208.29,0.29,49.43,,,,,
Lakhya,SW179,Demra,5/11/2003,29.51,8.07,4.19,0.05,0.07,107.8,0.72,,,,,,
Buriganga,SW42,Dhaka_Mill Barrack,4/10/2003,29.87,8.3,3.68,0.14,0.16,248.06,0.29,49.43,,,,,
Lakhya,SW179,Demra,4/10/2003,29.5,8.41,4,0.05,0.11,176.9,0.72,,,,,,
Buriganga,SW42,Dhaka_Mill Barrack,3/9/2003,29.41,8.18,3.23,0.15,0.17,272,0.29,49.43,,,,,
Lakhya,SW179,Demra,3/9/2003,29.08,8.45,4.37,0.08,0.14,221.5,0.72,,,,,,
Buriganga,SW42,Dhaka_Mill Barrack,2/22/2003,24.64,0.19,3.59,0.19,2458,384.7,0.29,49.43,,,,,
Buriganga,SW42,Dhaka_Mill Barrack,2/10/2003,29.44,8.03,2.29,0.14,0.18,287.63,0.29,49.43,,,,,
Lakhya,SW179,Demra,2/10/2003,32.38,8.27,4,0.09,0.17,259.9,0.72,,,,,,
Buriganga,SW42,Dhaka_Mill Barrack,1/8/2003,20.33,7.94,1.93,0.12,0.16,250.1,0.29,49.43,,,,,
Lakhya,SW179,Demra,1/8/2003,24.91,7.88,6.13,0.1,0.18,280.3,0.72,,,,,,
Buriganga,SW42,Dhaka_Mill Barrack,12/9/2002,16.59,8.09,5.16,0.12,0.17,260.19,0.29,49.43,,,,,
Lakhya,SW179,Demra,12/9/2002,15.66,8.56,7.18,0.06,0.1,159.8,0.72,,,,,,
Buriganga,SW42,Dhaka_Mill Barrack,11/7/2002,21.6,8.04,4.93,0.12,0.16,243.5,0.29,49.43,,,,,
Lakhya,SW179,Demra,11/7/2002,20.12,8.41,6.05,0.09,0.15,236,0.72,,,,,,
Buriganga,SW42,Dhaka_Mill Barrack,10/8/2002,25.01,8.44,4.21,0.11,0.13,203.58,0.29,49.43,,,,,
Lakhya,SW179,Demra,10/8/2002,23.14,8.37,7.69,0.08,0.13,206.2,0.72,,,,,,
Buriganga,SW42,Dhaka_Mill Barrack,9/10/2002,28.5,8.15,4.3,0.06,0.11,170.29,0.29,49.43,,,,,
Lakhya,SW179,Demra,9/10/2002,27.58,8,6.3,0.05,0.1,151.4,0.72,,,,,,
Buriganga,SW42,Dhaka_Mill Barrack,8/9/2002,29.8,8.37,5.3,0.05,0.08,124.7,0.29,49.43,,,,,
Lakhya,SW179,Demra,8/9/2002,29.34,8.49,7.18,0.05,0.08,130.7,0.72,,,,,,
Balu,SW7.5,Demra,4/26/2001,30.7,7.5,7.3,0.18,460,920,0.29,49.43,,,,,
Dhaleswari,SW69,Savar,4/26/2001,30.5,7.7,7.3,0.02,465,921,0,50,,,,,
Balu,SW7.5,Demra,4/25/2001,31,7.95,6.4,0.18,77.6,155.05,0.29,49.43,,,,,
Buriganga,SW42,Dhaka_Mill Barrack,4/23/2001,29.1,7.49,7.6,0.18,196.5,393,0.29,49.43,,,,,
Dhaleswari,SW70,Kalatia_Outfall,4/23/2001,29.5,7.26,7.4,0.02,194.7,389,0,50,,,,,
Buriganga,SW42,Dhaka_Mill Barrack,4/22/2001,31.4,6.8,7,0.18,247.5,495,0.29,49.43,,,,,
Lakhya,SW179,Demra,4/21/2001,30.1,7.77,7.1,0.13,303,606,0.33,,,,,,
Balu,SW7.5,Demra,4/20/2001,33.2,7.8,6.7,0.18,124.8,248,0.29,49.43,,,,,
Lakhya,SW179,Demra,4/19/2001,32.1,7.66,7.7,1.73,124,248,0.72,,,,,,
Lakhya,SW180,Narayanganj,4/19/2001,31.1,7.61,6.9,1.73,90.8,181.3,0.72,,,,,,
Tongi Khal,SW299,Tongi,4/14/2001,30.8,7.85,6.8,0.27,357,715,0.49,50.40,,,,,
